family,fold,raw_sample_id,gate_probability,intervene,baseline_correct,selected_method,selected_gain,selected_correct,repair,break,oracle_correct
whole_hierarchical,0,9239592916626,0.11402509802523395,0,0,IDENTITY,0.0,0,0,0,0
whole_hierarchical,0,30147151,0.030877274084295754,0,0,IDENTITY,0.0,0,0,0,0
whole_hierarchical,0,923179528564,0.0084013714254337,0,0,IDENTITY,0.0,0,0,0,0
whole_hierarchical,0,9231928017898,0.0009979425280366894,0,1,IDENTITY,0.0,1,0,0,1
whole_hierarchical,0,9240985013330,0.1997319915270812,0,0,IDENTITY,0.0,0,0,0,0
whole_hierarchical,0,923619009755,0.0887889907001897,0,0,IDENTITY,0.0,0,0,0,0
whole_hierarchical,0,30153079,0.03841684026852259,0,0,IDENTITY,0.0,0,0,0,0
whole_hierarchical,0,30125187,0.02184977615459915,0,1,IDENTITY,0.0,1,0,0,1
whole_hierarchical,0,30107746,0.005134180650033394,0,0,IDENTITY,0.0,0,0,0,1
whole_hierarchical,0,30124076,0.002914433658431713,0,1,IDENTITY,0.0,1,0,0,1
whole_hierarchical,0,30131055,0.005537087369426647,0,1,IDENTITY,0.0,1,0,0,1
whole_hierarchical,0,30118166,0.023157225888349207,0,0,IDENTITY,0.0,0,0,0,0
whole_hierarchical,0,9231783414892,0.004774245469214423,0,0,IDENTITY,0.0,0,0,0,0
whole_hierarchical,0,30119900,0.016599015206216167,0,1,IDENTITY,0.0,1,0,0,1
whole_hierarchical,0,30092486,0.00021390885144016025,0,0,IDENTITY,0.0,0,0,0,0
whole_hierarchical,0,923786792062,0.1827746602337621,0,0,IDENTITY,0.0,0,0,0,1
whole_hierarchical,0,30121784,0.015805491966417413,0,0,IDENTITY,0.0,0,0,0,0
whole_hierarchical,0,9234349512761,0.47860417521764637,0,0,IDENTITY,0.0,0,0,0,0
whole_hierarchical,0,923692982187,0.001389770161950327,0,1,IDENTITY,0.0,1,0,0,1
whole_hierarchical,0,30137508,0.1008037815687682,0,0,IDENTITY,0.0,0,0,0,0
whole_hierarchical,0,923166987091,0.019340768743382943,0,0,IDENTITY,0.0,0,0,0,0
whole_hierarchical,0,9234937311207,0.22413760933398122,0,0,IDENTITY,0.0,0,0,0,0
whole_hierarchical,0,923760886118,0.0007903121582311678,0,0,IDENTITY,0.0,0,0,0,0
whole_hierarchical,0,9234233112538,0.1025833533117607,0,0,IDENTITY,0.0,0,0,0,0
whole_hierarchical,0,9236939913026,0.32492987306038923,0,0,IDENTITY,0.0,0,0,0,1
whole_hierarchical,0,30126627,0.04527245318502755,0,0,IDENTITY,0.0,0,0,0,0
whole_hierarchical,0,30164059,0.016007288317052296,0,0,IDENTITY,0.0,0,0,0,0
whole_hierarchical,0,923380234247,0.024728577253933768,0,0,IDENTITY,0.0,0,0,0,0
whole_hierarchical,0,923954192747,0.0005718624067838194,0,0,IDENTITY,0.0,0,0,0,0
whole_hierarchical,0,30155612,0.03575388131216556,0,1,IDENTITY,0.0,1,0,0,1
whole_hierarchical,0,923521415609,0.021852778743497052,0,1,IDENTITY,0.0,1,0,0,1
whole_hierarchical,0,9241665419340,0.002802546143827074,0,1,IDENTITY,0.0,1,0,0,1
whole_hierarchical,0,924130545856,0.00264370657600013,0,1,IDENTITY,0.0,1,0,0,1
whole_hierarchical,0,923181633702,0.32132268222378435,0,0,IDENTITY,0.0,0,0,0,0
whole_hierarchical,0,9235872620022,0.934224183496467,1,0,WHOLE,4.0,1,1,0,1
whole_hierarchical,0,923509767332,0.001539610036313945,0,1,IDENTITY,0.0,1,0,0,1
whole_hierarchical,0,9233096816209,0.782424411698282,1,0,WHOLE,4.0,1,1,0,1
whole_hierarchical,0,30142822,0.005498916194907333,0,1,IDENTITY,0.0,1,0,0,1
whole_hierarchical,0,9115982120679,0.007704936475842074,0,0,IDENTITY,0.0,0,0,0,0
whole_hierarchical,0,923622065937,0.0008912585108956995,0,1,IDENTITY,0.0,1,0,0,1
whole_hierarchical,0,30108355,0.4781453027542442,0,1,IDENTITY,0.0,1,0,0,1
whole_hierarchical,0,9235537412168,0.5946027780265055,1,0,WHOLE,4.0,1,1,0,1
whole_hierarchical,0,923749031172,0.009210289176674328,0,0,IDENTITY,0.0,0,0,0,0
whole_hierarchical,0,9236794614335,0.006951277536280898,0,1,IDENTITY,0.0,1,0,0,1
whole_hierarchical,0,923527226693,0.0030561612785303125,0,0,IDENTITY,0.0,0,0,0,0
whole_hierarchical,0,924148569197,0.014008520390688556,0,1,IDENTITY,0.0,1,0,0,1
whole_hierarchical,0,9232230110526,0.0640374892560365,0,0,IDENTITY,0.0,0,0,0,0
whole_hierarchical,0,900025412139,0.0032565444294686873,0,1,IDENTITY,0.0,1,0,0,1
whole_hierarchical,0,9235940320529,0.12395952998097517,0,0,IDENTITY,0.0,0,0,0,1
whole_hierarchical,0,9239895815901,0.12523463609651783,0,0,IDENTITY,0.0,0,0,0,0
whole_hierarchical,0,9231831817196,0.010250017136360003,0,0,IDENTITY,0.0,0,0,0,1
whole_hierarchical,0,9232823310314,0.08217212168204109,0,0,IDENTITY,0.0,0,0,0,0
whole_hierarchical,0,9236000119728,0.001793351965960154,0,1,IDENTITY,0.0,1,0,0,1
whole_hierarchical,0,923545748191,0.6750017377011369,1,0,WHOLE,4.0,0,0,0,0
whole_hierarchical,0,923441526053,0.0022743559410986674,0,0,IDENTITY,0.0,0,0,0,0
whole_hierarchical,0,923377533294,0.010720233703493379,0,0,IDENTITY,0.0,0,0,0,0
whole_hierarchical,0,923165945877,0.0653077199717315,0,1,IDENTITY,0.0,1,0,0,1
whole_hierarchical,0,923298123919,0.12229979795896148,0,0,IDENTITY,0.0,0,0,0,0
whole_hierarchical,0,923873597749,0.016591120461298858,0,0,IDENTITY,0.0,0,0,0,0
whole_hierarchical,1,9235426320227,0.0023118178333543246,0,0,IDENTITY,0.0,0,0,0,0
whole_hierarchical,1,9240448714745,0.0022423820535540716,0,0,IDENTITY,0.0,0,0,0,0
whole_hierarchical,1,923647772813,0.08261573931949136,0,0,IDENTITY,0.0,0,0,0,0
whole_hierarchical,1,923387687357,0.014821848257506003,0,1,IDENTITY,0.0,1,0,0,1
whole_hierarchical,1,923595011457,0.001102047772926375,0,1,IDENTITY,0.0,1,0,0,1
whole_hierarchical,1,30143766,0.4738010324470734,0,1,IDENTITY,0.0,1,0,0,1
whole_hierarchical,1,923483313931,0.0009816531357606916,0,0,IDENTITY,0.0,0,0,0,0
whole_hierarchical,1,9234017114650,0.04028591208985721,0,0,IDENTITY,0.0,0,0,0,0
whole_hierarchical,1,30162717,0.00623016580280523,0,1,IDENTITY,0.0,1,0,0,1
whole_hierarchical,1,30108176,0.0005338689042227257,0,1,IDENTITY,0.0,1,0,0,1
whole_hierarchical,1,9238080919122,0.0036363557791709846,0,1,IDENTITY,0.0,1,0,0,1
whole_hierarchical,1,9233899610165,0.02016363715519969,0,0,IDENTITY,0.0,0,0,0,0
whole_hierarchical,1,9234579615033,0.0005147355404587312,0,1,IDENTITY,0.0,1,0,0,1
whole_hierarchical,1,9238389616699,0.008254326242777863,0,1,IDENTITY,0.0,1,0,0,1
whole_hierarchical,1,9234275214666,0.21085622528617207,0,0,IDENTITY,0.0,0,0,0,0
whole_hierarchical,1,9240866519542,0.41444692579062076,0,0,IDENTITY,0.0,0,0,0,1
whole_hierarchical,1,9237199914347,0.5085614584239679,1,0,WHOLE,4.0,0,0,0,0
whole_hierarchical,1,9233360816160,0.012895553924265193,0,0,IDENTITY,0.0,0,0,0,0
whole_hierarchical,1,9238506318415,0.003484551122414777,0,1,IDENTITY,0.0,1,0,0,1
whole_hierarchical,1,9237882215002,0.042015090707817046,0,0,IDENTITY,0.0,0,0,0,0
whole_hierarchical,1,923979131861,0.008289820498275658,0,0,IDENTITY,0.0,0,0,0,0
whole_hierarchical,1,923578167859,0.2883174690274593,0,0,IDENTITY,0.0,0,0,0,0
whole_hierarchical,1,923876981879,0.005494623397149186,0,0,IDENTITY,0.0,0,0,0,0
whole_hierarchical,1,924022304058,0.11473352220451369,0,0,IDENTITY,0.0,0,0,0,0
whole_hierarchical,1,30155187,0.011558496189972359,0,0,IDENTITY,0.0,0,0,0,0
whole_hierarchical,1,9237353920363,0.7405453634430725,1,0,WHOLE,4.0,0,0,0,0
whole_hierarchical,1,9237782510150,0.02479670250620087,0,1,IDENTITY,0.0,1,0,0,1
whole_hierarchical,1,9241116219013,0.001206927881230004,0,1,IDENTITY,0.0,1,0,0,1
whole_hierarchical,1,30116079,0.009987163993912994,0,0,IDENTITY,0.0,0,0,0,0
whole_hierarchical,1,9237221119054,0.2815586271925944,0,0,IDENTITY,0.0,0,0,0,1
whole_hierarchical,1,9236963220535,0.858973704702605,1,0,WHOLE,4.0,0,0,0,0
whole_hierarchical,1,924008926049,0.7410832040749297,1,0,WHOLE,4.0,1,1,0,1
whole_hierarchical,1,924000632493,0.0007936614394480178,0,1,IDENTITY,0.0,1,0,0,1
whole_hierarchical,1,30146776,0.00030283835065388407,0,0,IDENTITY,0.0,0,0,0,0
whole_hierarchical,1,30120443,0.00015225129413536535,0,1,IDENTITY,0.0,1,0,0,1
whole_hierarchical,1,9241613720031,0.2978075473087084,0,0,IDENTITY,0.0,0,0,0,0
whole_hierarchical,1,9235283013290,0.006994130209012626,0,0,IDENTITY,0.0,0,0,0,0
whole_hierarchical,1,9236329913098,0.0029793843835501945,0,0,IDENTITY,0.0,0,0,0,1
whole_hierarchical,1,9237324416179,0.0007965532314617592,0,1,IDENTITY,0.0,1,0,0,1
whole_hierarchical,1,923750118696,0.06562890264297468,0,0,IDENTITY,0.0,0,0,0,0
whole_hierarchical,1,9236125910450,0.12605115634521202,0,0,IDENTITY,0.0,0,0,0,0
whole_hierarchical,1,923469135613,0.028147227378941753,0,0,IDENTITY,0.0,0,0,0,0
whole_hierarchical,1,923244802641,0.06582713442044738,0,0,IDENTITY,0.0,0,0,0,0
whole_hierarchical,1,923159261244,0.05440704724844454,0,0,IDENTITY,0.0,0,0,0,0
whole_hierarchical,1,9239324418791,0.006180832424914204,0,0,IDENTITY,0.0,0,0,0,0
whole_hierarchical,1,923527681117,0.3490382190553046,0,0,IDENTITY,0.0,0,0,0,0
whole_hierarchical,1,9237893614661,0.1805948802711395,0,0,IDENTITY,0.0,0,0,0,0
whole_hierarchical,1,9236263113050,0.008450774292156276,0,1,IDENTITY,0.0,1,0,0,1
whole_hierarchical,1,923655528202,0.00416122216040269,0,0,IDENTITY,0.0,0,0,0,0
whole_hierarchical,1,923770318932,0.007863413222481326,0,1,IDENTITY,0.0,1,0,0,1
whole_hierarchical,1,92363570539,0.18865954068807267,0,0,IDENTITY,0.0,0,0,0,0
whole_hierarchical,1,9238080819569,0.9133853598732057,1,0,WHOLE,4.0,1,1,0,1
whole_hierarchical,1,923494355426,0.007752343429932228,0,1,IDENTITY,0.0,1,0,0,1
whole_hierarchical,1,9233861611489,0.0032829870107131086,0,0,IDENTITY,0.0,0,0,0,1
whole_hierarchical,1,9237053914189,0.01114466245648146,0,1,IDENTITY,0.0,1,0,0,1
whole_hierarchical,1,9236940016487,0.504395989167148,1,0,WHOLE,4.0,0,0,0,0
whole_hierarchical,1,9237217016839,0.6836068607236864,1,0,WHOLE,4.0,0,0,0,0
whole_hierarchical,1,9236335915768,0.3798067744421622,0,0,IDENTITY,0.0,0,0,0,0
whole_hierarchical,1,92386715738,0.0013458146359731017,0,1,IDENTITY,0.0,1,0,0,1
whole_hierarchical,2,30147433,0.0042242921735943,0,0,IDENTITY,0.0,0,0,0,0
whole_hierarchical,2,90001034563,0.05787756252545957,0,1,IDENTITY,0.0,1,0,0,1
whole_hierarchical,2,923312939315,0.04664012990062541,0,0,IDENTITY,0.0,0,0,0,0
whole_hierarchical,2,30148074,0.0012379637625832011,0,1,IDENTITY,0.0,1,0,0,1
whole_hierarchical,2,923748439020,2.001432122074294e-07,0,0,IDENTITY,0.0,0,0,0,1
whole_hierarchical,2,30162413,0.02809385153708882,0,1,IDENTITY,0.0,1,0,0,1
whole_hierarchical,2,9237477314532,0.005018255426655291,0,1,IDENTITY,0.0,1,0,0,1
whole_hierarchical,2,30109986,0.07676829880302212,0,0,IDENTITY,0.0,0,0,0,0
whole_hierarchical,2,924081531047,0.00626100801228476,0,1,IDENTITY,0.0,1,0,0,1
whole_hierarchical,2,923479235383,0.0004065770123492004,0,0,IDENTITY,0.0,0,0,0,0
whole_hierarchical,2,30099047,0.00605600741312224,0,1,IDENTITY,0.0,1,0,0,1
whole_hierarchical,2,9235061817167,0.10223494352677442,0,0,IDENTITY,0.0,0,0,0,0
whole_hierarchical,2,30156411,0.006657990281535949,0,0,IDENTITY,0.0,0,0,0,0
whole_hierarchical,2,30165344,0.0020264751377860064,0,0,IDENTITY,0.0,0,0,0,0
whole_hierarchical,2,92347104173,0.002333641845481316,0,1,IDENTITY,0.0,1,0,0,1
whole_hierarchical,2,9241072618408,0.00327764505594401,0,0,IDENTITY,0.0,0,0,0,0
whole_hierarchical,2,9235841814928,0.049934257421466226,0,0,IDENTITY,0.0,0,0,0,0
whole_hierarchical,2,9237398513684,0.0021726305497372224,0,1,IDENTITY,0.0,1,0,0,1
whole_hierarchical,2,923700147650,0.19232169705479843,0,0,IDENTITY,0.0,0,0,0,0
whole_hierarchical,2,30159719,0.01784439734797175,0,0,IDENTITY,0.0,0,0,0,0
whole_hierarchical,2,30156333,0.10861033991827487,0,0,IDENTITY,0.0,0,0,0,0
whole_hierarchical,2,30105363,0.004468287215029416,0,0,IDENTITY,0.0,0,0,0,0
whole_hierarchical,2,30137366,0.0019419971231418468,0,0,IDENTITY,0.0,0,0,0,0
whole_hierarchical,2,9240087119367,0.14619189045671818,0,0,IDENTITY,0.0,0,0,0,0
whole_hierarchical,2,30128425,0.0375182574656462,0,0,IDENTITY,0.0,0,0,0,0
whole_hierarchical,2,923173521103,0.001689474551444935,0,0,IDENTITY,0.0,0,0,0,0
whole_hierarchical,2,923822254043,0.06204810118232367,0,0,IDENTITY,0.0,0,0,0,0
whole_hierarchical,2,30154162,0.017003569914456257,0,1,IDENTITY,0.0,1,0,0,1
whole_hierarchical,2,923472742598,0.03667061863893225,0,0,IDENTITY,0.0,0,0,0,0
whole_hierarchical,2,9000100139,0.0074754603900136175,0,0,IDENTITY,0.0,0,0,0,0
whole_hierarchical,2,9239251810553,0.04813304556434047,0,0,IDENTITY,0.0,0,0,0,0
whole_hierarchical,2,30107805,0.048447293073755525,0,0,IDENTITY,0.0,0,0,0,1
whole_hierarchical,2,9236088516653,0.0062944092663158825,0,0,IDENTITY,0.0,0,0,0,0
whole_hierarchical,2,9240416217207,0.0018874870516132878,0,0,IDENTITY,0.0,0,0,0,1
whole_hierarchical,2,923978578023,0.0031464880386202106,0,1,IDENTITY,0.0,1,0,0,1
whole_hierarchical,2,30152704,0.012860943503525452,0,1,IDENTITY,0.0,1,0,0,1
whole_hierarchical,2,9237585619490,0.14101969280211896,0,0,IDENTITY,0.0,0,0,0,0
whole_hierarchical,2,923897497547,0.2899901985634873,0,0,IDENTITY,0.0,0,0,0,0
whole_hierarchical,2,9237902411804,0.0005607165028417797,0,1,IDENTITY,0.0,1,0,0,1
whole_hierarchical,2,30092586,0.0637090698575191,0,0,IDENTITY,0.0,0,0,0,0
whole_hierarchical,2,9239904714646,0.05501644980131082,0,0,IDENTITY,0.0,0,0,0,0
whole_hierarchical,2,900034981287,0.00410069353578656,0,1,IDENTITY,0.0,1,0,0,1
whole_hierarchical,2,9232216620376,0.002866665434152335,0,0,IDENTITY,0.0,0,0,0,0
whole_hierarchical,2,924059115953,0.005069203913196204,0,0,IDENTITY,0.0,0,0,0,0
whole_hierarchical,2,923810977464,0.04373150681854745,0,0,IDENTITY,0.0,0,0,0,0
whole_hierarchical,2,924016871450,0.003329037542679899,0,1,IDENTITY,0.0,1,0,0,1
whole_hierarchical,2,923682395710,0.10257364516702688,0,0,IDENTITY,0.0,0,0,0,0
whole_hierarchical,2,9231740517473,0.4769595078475383,0,0,IDENTITY,0.0,0,0,0,0
whole_hierarchical,2,9239750220456,0.8591831376555051,1,0,WHOLE,4.0,1,1,0,1
whole_hierarchical,2,9233166029,0.4962660213683091,0,0,IDENTITY,0.0,0,0,0,1
whole_hierarchical,2,9231864520238,0.06260646722046827,0,0,IDENTITY,0.0,0,0,0,0
whole_hierarchical,2,923206531630,0.05894242046277188,0,0,IDENTITY,0.0,0,0,0,0
whole_hierarchical,2,923427102216,0.10336769099528811,0,0,IDENTITY,0.0,0,0,0,0
whole_hierarchical,2,9235892820180,0.7062362558866614,1,0,WHOLE,4.0,1,1,0,1
whole_hierarchical,2,9234855714023,0.1054761834132888,0,0,IDENTITY,0.0,0,0,0,1
whole_hierarchical,2,92349827252,0.004003786659863854,0,1,IDENTITY,0.0,1,0,0,1
whole_hierarchical,2,9237445818009,0.1927977338975284,0,0,IDENTITY,0.0,0,0,0,1
whole_hierarchical,2,9234102710106,0.18337040622674947,0,0,IDENTITY,0.0,0,0,0,0
whole_hierarchical,3,30106094,0.051354239433128196,0,1,IDENTITY,0.0,1,0,0,1
whole_hierarchical,3,9234515510522,0.038968525518707005,0,0,IDENTITY,0.0,0,0,0,0
whole_hierarchical,3,923455845397,0.002768265429545889,0,0,IDENTITY,0.0,0,0,0,0
whole_hierarchical,3,30112426,0.003902499314666801,0,0,IDENTITY,0.0,0,0,0,0
whole_hierarchical,3,30113018,0.0032122161275899624,0,1,IDENTITY,0.0,1,0,0,1
whole_hierarchical,3,923438789787,0.07025104373235323,0,0,IDENTITY,0.0,0,0,0,0
whole_hierarchical,3,9238903417954,0.0164965361561583,0,0,IDENTITY,0.0,0,0,0,0
whole_hierarchical,3,923351354299,0.21837019838173233,0,0,IDENTITY,0.0,0,0,0,0
whole_hierarchical,3,9234951118740,0.45126354708946487,0,0,IDENTITY,0.0,0,0,0,0
whole_hierarchical,3,30151567,0.05915766707091949,0,0,IDENTITY,0.0,0,0,0,0
whole_hierarchical,3,9235495115505,0.04097285342090514,0,0,IDENTITY,0.0,0,0,0,0
whole_hierarchical,3,30163281,0.011666610211199668,0,0,IDENTITY,0.0,0,0,0,0
whole_hierarchical,3,92387578990,0.4473999133408108,0,0,IDENTITY,0.0,0,0,0,1
whole_hierarchical,3,30105130,0.03313512625146773,0,1,IDENTITY,0.0,1,0,0,1
whole_hierarchical,3,30164908,0.13984526886307827,0,0,IDENTITY,0.0,0,0,0,0
whole_hierarchical,3,923209327341,0.047239591035055435,0,0,IDENTITY,0.0,0,0,0,0
whole_hierarchical,3,30104432,0.04369813207498146,0,0,IDENTITY,0.0,0,0,0,0
whole_hierarchical,3,30110000,0.020834679240059998,0,0,IDENTITY,0.0,0,0,0,0
whole_hierarchical,3,30095241,0.019621321917951802,0,0,IDENTITY,0.0,0,0,0,0
whole_hierarchical,3,9236790510595,0.03770350936672561,0,0,IDENTITY,0.0,0,0,0,0
whole_hierarchical,3,30159445,0.06824485958441663,0,1,IDENTITY,0.0,1,0,0,1
whole_hierarchical,3,30102737,0.007649153269575178,0,0,IDENTITY,0.0,0,0,0,0
whole_hierarchical,3,30109556,0.0639973004980185,0,0,IDENTITY,0.0,0,0,0,0
whole_hierarchical,3,9233494116012,0.10842866316099262,0,0,IDENTITY,0.0,0,0,0,0
whole_hierarchical,3,30135439,0.005187804762517539,0,1,IDENTITY,0.0,1,0,0,1
whole_hierarchical,3,923636113293,0.03030460932898202,0,1,IDENTITY,0.0,1,0,0,1
whole_hierarchical,3,915922197692,0.0020256271300429537,0,1,IDENTITY,0.0,1,0,0,1
whole_hierarchical,3,9236808918046,0.9081239143734581,1,0,WHOLE,4.0,1,1,0,1
whole_hierarchical,3,30131016,0.14266642574014893,0,0,IDENTITY,0.0,0,0,0,0
whole_hierarchical,3,9240595217639,0.003706899558424,0,1,IDENTITY,0.0,1,0,0,1
whole_hierarchical,3,924146126721,0.0011146397073013808,0,1,IDENTITY,0.0,1,0,0,1
whole_hierarchical,3,30123450,0.05344051458564758,0,1,IDENTITY,0.0,1,0,0,1
whole_hierarchical,3,923892863741,0.002616300672502202,0,1,IDENTITY,0.0,1,0,0,1
whole_hierarchical,3,9234906511551,0.009055800969934974,0,0,IDENTITY,0.0,0,0,0,0
whole_hierarchical,3,9237656113647,0.0007650331845072773,0,0,IDENTITY,0.0,0,0,0,0
whole_hierarchical,3,9241103419774,0.2530469041141523,0,0,IDENTITY,0.0,0,0,0,0
whole_hierarchical,3,30151361,0.2274791204996971,0,0,IDENTITY,0.0,0,0,0,0
whole_hierarchical,3,30115024,0.06082935071460718,0,0,IDENTITY,0.0,0,0,0,0
whole_hierarchical,3,30153367,0.14664417250913753,0,0,IDENTITY,0.0,0,0,0,0
whole_hierarchical,3,30107404,0.045715102504581,0,0,IDENTITY,0.0,0,0,0,0
whole_hierarchical,3,90002869279,0.8111561509160421,1,0,WHOLE,4.0,1,1,0,1
whole_hierarchical,3,9237405319457,0.27387757022319714,0,0,IDENTITY,0.0,0,0,0,0
whole_hierarchical,3,923421092373,0.008497443871767998,0,0,IDENTITY,0.0,0,0,0,0
whole_hierarchical,3,924171854450,0.07170668755232294,0,0,IDENTITY,0.0,0,0,0,0
whole_hierarchical,3,923826627102,0.7524866125648213,1,0,WHOLE,4.0,1,1,0,1
whole_hierarchical,3,923658929106,0.017507561682991838,0,0,IDENTITY,0.0,0,0,0,0
whole_hierarchical,3,923932993328,0.003386272821157631,0,1,IDENTITY,0.0,1,0,0,1
whole_hierarchical,3,923500613903,0.032993633017284286,0,0,IDENTITY,0.0,0,0,0,0
whole_hierarchical,3,9234999614518,0.03932258200273557,0,0,IDENTITY,0.0,0,0,0,0
whole_hierarchical,3,924133906957,0.27739107573138017,0,0,IDENTITY,0.0,0,0,0,1
whole_hierarchical,3,900003772458,0.3681672802556981,0,0,IDENTITY,0.0,0,0,0,0
whole_hierarchical,3,9237229510134,0.03444267329885819,0,0,IDENTITY,0.0,0,0,0,0
whole_hierarchical,3,923154013606,0.07972868581983787,0,0,IDENTITY,0.0,0,0,0,1
whole_hierarchical,3,924006752367,0.005016293376899905,0,1,IDENTITY,0.0,1,0,0,1
whole_hierarchical,3,9159258620356,0.003031256236213615,0,1,IDENTITY,0.0,1,0,0,1
whole_hierarchical,3,9236039814604,0.019367070940983375,0,0,IDENTITY,0.0,0,0,0,0
whole_hierarchical,3,9241338710995,0.0241958372973545,0,0,IDENTITY,0.0,0,0,0,0
whole_hierarchical,3,923554248139,0.026089689390426187,0,0,IDENTITY,0.0,0,0,0,0
whole_hierarchical,4,30159890,0.4399610689363753,0,0,IDENTITY,0.0,0,0,0,0
whole_hierarchical,4,9236870611322,0.003259895339011818,0,0,IDENTITY,0.0,0,0,0,0
whole_hierarchical,4,30112699,0.7665312846941701,1,1,WHOLE,2.0,1,0,0,1
whole_hierarchical,4,9241443216497,0.4831301387671155,0,0,IDENTITY,0.0,0,0,0,1
whole_hierarchical,4,923805551402,0.18715736270145225,0,0,IDENTITY,0.0,0,0,0,0
whole_hierarchical,4,923590517519,0.7018357129389821,1,0,WHOLE,4.0,1,1,0,1
whole_hierarchical,4,923588306206,0.1858942427869069,0,0,IDENTITY,0.0,0,0,0,0
whole_hierarchical,4,9238223617101,0.005396938283632335,0,0,IDENTITY,0.0,0,0,0,0
whole_hierarchical,4,9159289411451,0.05922141220125784,0,0,IDENTITY,0.0,0,0,0,0
whole_hierarchical,4,923917121561,0.03771324337104037,0,1,IDENTITY,0.0,1,0,0,1
whole_hierarchical,4,30107213,0.004587899856460335,0,0,IDENTITY,0.0,0,0,0,0
whole_hierarchical,4,923658979198,0.1450648745185449,0,0,IDENTITY,0.0,0,0,0,0
whole_hierarchical,4,30119704,0.0034674944109349816,0,0,IDENTITY,0.0,0,0,0,0
whole_hierarchical,4,9232387014760,0.014011049975462072,0,0,IDENTITY,0.0,0,0,0,1
whole_hierarchical,4,923530422853,0.0014639209781640056,0,1,IDENTITY,0.0,1,0,0,1
whole_hierarchical,4,30107865,0.6773949968832419,1,0,WHOLE,2.75,0,0,0,0
whole_hierarchical,4,9233136019555,0.0014495442781940183,0,1,IDENTITY,0.0,1,0,0,1
whole_hierarchical,4,923279921089,0.17886099371502806,0,1,IDENTITY,0.0,1,0,0,1
whole_hierarchical,4,30144219,0.003866614936898112,0,0,IDENTITY,0.0,0,0,0,1
whole_hierarchical,4,30097836,0.04355535844960178,0,0,IDENTITY,0.0,0,0,0,0
whole_hierarchical,4,9233645113091,0.0019186371710140815,0,1,IDENTITY,0.0,1,0,0,1
whole_hierarchical,4,9235058620833,0.004686695521382964,0,0,IDENTITY,0.0,0,0,0,0
whole_hierarchical,4,9239245619683,0.004610496789822792,0,1,IDENTITY,0.0,1,0,0,1
whole_hierarchical,4,9240175618403,0.9298642575350977,1,0,WHOLE,4.0,0,0,0,0
whole_hierarchical,4,923290551692,0.18868106264264717,0,0,IDENTITY,0.0,0,0,0,0
whole_hierarchical,4,9241468217793,0.3614510184004841,0,0,IDENTITY,0.0,0,0,0,1
whole_hierarchical,4,9235875420730,0.003496605684348468,0,1,IDENTITY,0.0,1,0,0,1
whole_hierarchical,4,923261278194,0.006166074125699869,0,1,IDENTITY,0.0,1,0,0,1
whole_hierarchical,4,923570556594,0.038962021690750887,0,0,IDENTITY,0.0,0,0,0,0
whole_hierarchical,4,9233169320776,0.002178770824412564,0,1,IDENTITY,0.0,1,0,0,1
whole_hierarchical,4,923705899258,0.004380693204066279,0,1,IDENTITY,0.0,1,0,0,1
whole_hierarchical,4,30115852,0.0013068972555939009,0,0,IDENTITY,0.0,0,0,0,0
whole_hierarchical,4,9231634919486,0.28117256365209436,0,0,IDENTITY,0.0,0,0,0,0
whole_hierarchical,4,9236591217338,0.002021510924107795,0,1,IDENTITY,0.0,1,0,0,1
whole_hierarchical,4,923735539136,0.14687039479623604,0,0,IDENTITY,0.0,0,0,0,0
whole_hierarchical,4,9241115017268,0.0020702352743436126,0,1,IDENTITY,0.0,1,0,0,1
whole_hierarchical,4,30113929,0.05616422950299951,0,0,IDENTITY,0.0,0,0,0,0
whole_hierarchical,4,30143839,0.3858131559755541,0,1,IDENTITY,0.0,1,0,0,1
whole_hierarchical,4,923558853757,0.6376336890945519,1,0,WHOLE,4.0,1,1,0,1
whole_hierarchical,4,30163566,0.014199556191230745,0,1,IDENTITY,0.0,1,0,0,1
whole_hierarchical,4,923165322743,0.045380202374376316,0,1,IDENTITY,0.0,1,0,0,1
whole_hierarchical,4,9234788319974,0.05084211732629698,0,0,IDENTITY,0.0,0,0,0,0
whole_hierarchical,4,923991464123,0.027289376135079785,0,0,IDENTITY,0.0,0,0,0,0
whole_hierarchical,4,923728789887,0.1414979416220556,0,0,IDENTITY,0.0,0,0,0,0
whole_hierarchical,4,9236700518019,0.3314830858895167,0,0,IDENTITY,0.0,0,0,0,0
whole_hierarchical,4,923427056633,0.3045871939927142,0,0,IDENTITY,0.0,0,0,0,0
whole_hierarchical,4,9237107118874,0.003008434410293373,0,1,IDENTITY,0.0,1,0,0,1
whole_hierarchical,4,9238738012629,0.03177906560998979,0,0,IDENTITY,0.0,0,0,0,0
whole_hierarchical,4,92407963530,0.010697758931284374,0,0,IDENTITY,0.0,0,0,0,0
whole_hierarchical,4,923991569485,0.0009465460778280821,0,1,IDENTITY,0.0,1,0,0,1
whole_hierarchical,4,9238638719080,0.02207505396863296,0,0,IDENTITY,0.0,0,0,0,0
whole_hierarchical,4,9240403613093,0.035686967799550225,0,0,IDENTITY,0.0,0,0,0,0
whole_hierarchical,4,9234815516731,0.004669734477420854,0,0,IDENTITY,0.0,0,0,0,0
whole_hierarchical,4,923438149115,0.010978842275981126,0,1,IDENTITY,0.0,1,0,0,1
whole_hierarchical,4,900007843709,0.0028033106203681534,0,1,IDENTITY,0.0,1,0,0,1
whole_hierarchical,4,9232022616364,0.05280619173745059,0,0,IDENTITY,0.0,0,0,0,0
whole_hierarchical,4,923998341841,0.2805336819084293,0,1,IDENTITY,0.0,1,0,0,1
whole_hierarchical,4,923908406426,0.10626024673009743,0,0,IDENTITY,0.0,0,0,0,0
unified_hierarchical,0,9239592916626,0.1508791058608045,0,0,IDENTITY,0.0,0,0,0,0
unified_hierarchical,0,30147151,0.07651069295860773,0,0,IDENTITY,0.0,0,0,0,0
unified_hierarchical,0,923179528564,0.00803720253046345,0,0,IDENTITY,0.0,0,0,0,0
unified_hierarchical,0,9231928017898,0.0015738427899603597,0,1,IDENTITY,0.0,1,0,0,1
unified_hierarchical,0,9240985013330,0.28966679199672063,0,0,IDENTITY,0.0,0,0,0,0
unified_hierarchical,0,923619009755,0.10671838478732883,0,0,IDENTITY,0.0,0,0,0,0
unified_hierarchical,0,30153079,0.013742774627498764,0,0,IDENTITY,0.0,0,0,0,0
unified_hierarchical,0,30125187,0.02178272168786156,0,1,IDENTITY,0.0,1,0,0,1
unified_hierarchical,0,30107746,0.01273900300689013,0,0,IDENTITY,0.0,0,0,0,1
unified_hierarchical,0,30124076,0.014981239046868095,0,1,IDENTITY,0.0,1,0,0,1
unified_hierarchical,0,30131055,0.00859685066277202,0,1,IDENTITY,0.0,1,0,0,1
unified_hierarchical,0,30118166,0.04931663231831296,0,0,IDENTITY,0.0,0,0,0,1
unified_hierarchical,0,9231783414892,0.021317252591812965,0,0,IDENTITY,0.0,0,0,0,0
unified_hierarchical,0,30119900,0.013562039669258865,0,1,IDENTITY,0.0,1,0,0,1
unified_hierarchical,0,30092486,0.0003910924010740595,0,0,IDENTITY,0.0,0,0,0,0
unified_hierarchical,0,923786792062,0.34088422542180496,0,0,IDENTITY,0.0,0,0,0,1
unified_hierarchical,0,30121784,0.025706097941012095,0,0,IDENTITY,0.0,0,0,0,0
unified_hierarchical,0,9234349512761,0.4541968275000076,0,0,IDENTITY,0.0,0,0,0,0
unified_hierarchical,0,923692982187,0.0032502859060710722,0,1,IDENTITY,0.0,1,0,0,1
unified_hierarchical,0,30137508,0.08784919806489866,0,0,IDENTITY,0.0,0,0,0,0
unified_hierarchical,0,923166987091,0.10436156492544915,0,0,IDENTITY,0.0,0,0,0,0
unified_hierarchical,0,9234937311207,0.43957616457308457,0,0,IDENTITY,0.0,0,0,0,0
unified_hierarchical,0,923760886118,0.0078181304622594,0,0,IDENTITY,0.0,0,0,0,0
unified_hierarchical,0,9234233112538,0.13247197428289925,0,0,IDENTITY,0.0,0,0,0,0
unified_hierarchical,0,9236939913026,0.13081163481329153,0,0,IDENTITY,0.0,0,0,0,1
unified_hierarchical,0,30126627,0.04291175723995598,0,0,IDENTITY,0.0,0,0,0,0
unified_hierarchical,0,30164059,0.04002902198760741,0,0,IDENTITY,0.0,0,0,0,0
unified_hierarchical,0,923380234247,0.01785898956948108,0,0,IDENTITY,0.0,0,0,0,0
unified_hierarchical,0,923954192747,0.0007178074909783744,0,0,IDENTITY,0.0,0,0,0,0
unified_hierarchical,0,30155612,0.09926319452063621,0,1,IDENTITY,0.0,1,0,0,1
unified_hierarchical,0,923521415609,0.054069215427946606,0,1,IDENTITY,0.0,1,0,0,1
unified_hierarchical,0,9241665419340,0.005301885401180896,0,1,IDENTITY,0.0,1,0,0,1
unified_hierarchical,0,924130545856,0.04143310731144452,0,1,IDENTITY,0.0,1,0,0,1
unified_hierarchical,0,923181633702,0.1549991519290936,0,0,IDENTITY,0.0,0,0,0,0
unified_hierarchical,0,9235872620022,0.9787364696186264,1,0,MN,4.0,1,1,0,1
unified_hierarchical,0,923509767332,0.008471964621575989,0,1,IDENTITY,0.0,1,0,0,1
unified_hierarchical,0,9233096816209,0.8436592559422961,1,0,WHOLE,4.0,1,1,0,1
unified_hierarchical,0,30142822,0.022624534751752405,0,1,IDENTITY,0.0,1,0,0,1
unified_hierarchical,0,9115982120679,0.03652742279371608,0,0,IDENTITY,0.0,0,0,0,0
unified_hierarchical,0,923622065937,0.0026818182306170184,0,1,IDENTITY,0.0,1,0,0,1
unified_hierarchical,0,30108355,0.6744701433765091,1,1,WHOLE,4.0,1,0,0,1
unified_hierarchical,0,9235537412168,0.5491250335199249,1,0,WHOLE,4.0,1,1,0,1
unified_hierarchical,0,923749031172,0.04541116043480329,0,0,IDENTITY,0.0,0,0,0,0
unified_hierarchical,0,9236794614335,0.009908968209668113,0,1,IDENTITY,0.0,1,0,0,1
unified_hierarchical,0,923527226693,0.020723661319709007,0,0,IDENTITY,0.0,0,0,0,0
unified_hierarchical,0,924148569197,0.011231875090136458,0,1,IDENTITY,0.0,1,0,0,1
unified_hierarchical,0,9232230110526,0.057861360392926386,0,0,IDENTITY,0.0,0,0,0,0
unified_hierarchical,0,900025412139,0.0065455368162461725,0,1,IDENTITY,0.0,1,0,0,1
unified_hierarchical,0,9235940320529,0.16283187385424044,0,0,IDENTITY,0.0,0,0,0,1
unified_hierarchical,0,9239895815901,0.11317471367945335,0,0,IDENTITY,0.0,0,0,0,0
unified_hierarchical,0,9231831817196,0.046989994684703724,0,0,IDENTITY,0.0,0,0,0,1
unified_hierarchical,0,9232823310314,0.07861401663632779,0,0,IDENTITY,0.0,0,0,0,0
unified_hierarchical,0,9236000119728,0.0033349148847784398,0,1,IDENTITY,0.0,1,0,0,1
unified_hierarchical,0,923545748191,0.8583467730640384,1,0,MN,4.0,0,0,0,1
unified_hierarchical,0,923441526053,0.01214631708453295,0,0,IDENTITY,0.0,0,0,0,0
unified_hierarchical,0,923377533294,0.010565021232662258,0,0,IDENTITY,0.0,0,0,0,0
unified_hierarchical,0,923165945877,0.019551828089600914,0,1,IDENTITY,0.0,1,0,0,1
unified_hierarchical,0,923298123919,0.4061031346076096,0,0,IDENTITY,0.0,0,0,0,0
unified_hierarchical,0,923873597749,0.02081162747068508,0,0,IDENTITY,0.0,0,0,0,0
unified_hierarchical,1,9235426320227,0.014864075564557011,0,0,IDENTITY,0.0,0,0,0,0
unified_hierarchical,1,9240448714745,0.02660640000371236,0,0,IDENTITY,0.0,0,0,0,0
unified_hierarchical,1,923647772813,0.22755307029979455,0,0,IDENTITY,0.0,0,0,0,0
unified_hierarchical,1,923387687357,0.009801808102360796,0,1,IDENTITY,0.0,1,0,0,1
unified_hierarchical,1,923595011457,0.005935750406233832,0,1,IDENTITY,0.0,1,0,0,1
unified_hierarchical,1,30143766,0.45124908026175614,0,1,IDENTITY,0.0,1,0,0,1
unified_hierarchical,1,923483313931,0.031574322388773945,0,0,IDENTITY,0.0,0,0,0,0
unified_hierarchical,1,9234017114650,0.08111010750402384,0,0,IDENTITY,0.0,0,0,0,0
unified_hierarchical,1,30162717,0.015115193468718565,0,1,IDENTITY,0.0,1,0,0,1
unified_hierarchical,1,30108176,0.004298491696939479,0,1,IDENTITY,0.0,1,0,0,1
unified_hierarchical,1,9238080919122,0.01636445099489699,0,1,IDENTITY,0.0,1,0,0,1
unified_hierarchical,1,9233899610165,0.07503123669624037,0,0,IDENTITY,0.0,0,0,0,0
unified_hierarchical,1,9234579615033,0.0050488334117130725,0,1,IDENTITY,0.0,1,0,0,1
unified_hierarchical,1,9238389616699,0.008781097886410965,0,1,IDENTITY,0.0,1,0,0,1
unified_hierarchical,1,9234275214666,0.34239868598931633,0,0,IDENTITY,0.0,0,0,0,0
unified_hierarchical,1,9240866519542,0.6036415481485697,1,0,WHOLE,4.0,1,1,0,1
unified_hierarchical,1,9237199914347,0.4414105238247963,0,0,IDENTITY,0.0,0,0,0,0
unified_hierarchical,1,9233360816160,0.019621849194082937,0,0,IDENTITY,0.0,0,0,0,0
unified_hierarchical,1,9238506318415,0.005310417817046949,0,1,IDENTITY,0.0,1,0,0,1
unified_hierarchical,1,9237882215002,0.028484880062673565,0,0,IDENTITY,0.0,0,0,0,0
unified_hierarchical,1,923979131861,0.09826588002175893,0,0,IDENTITY,0.0,0,0,0,0
unified_hierarchical,1,923578167859,0.33001546553393196,0,0,IDENTITY,0.0,0,0,0,0
unified_hierarchical,1,923876981879,0.03330392601436796,0,0,IDENTITY,0.0,0,0,0,0
unified_hierarchical,1,924022304058,0.10617254461033934,0,0,IDENTITY,0.0,0,0,0,0
unified_hierarchical,1,30155187,0.06331142411223437,0,0,IDENTITY,0.0,0,0,0,0
unified_hierarchical,1,9237353920363,0.820103027238206,1,0,MN,4.0,1,1,0,1
unified_hierarchical,1,9237782510150,0.10473669930139227,0,1,IDENTITY,0.0,1,0,0,1
unified_hierarchical,1,9241116219013,0.0031325039601742114,0,1,IDENTITY,0.0,1,0,0,1
unified_hierarchical,1,30116079,0.03348553490709469,0,0,IDENTITY,0.0,0,0,0,0
unified_hierarchical,1,9237221119054,0.2960903469827989,0,0,IDENTITY,0.0,0,0,0,1
unified_hierarchical,1,9236963220535,0.7005374963947423,1,0,WHOLE,4.0,0,0,0,0
unified_hierarchical,1,924008926049,0.4027508982031673,0,0,IDENTITY,0.0,0,0,0,1
unified_hierarchical,1,924000632493,0.006808648813582801,0,1,IDENTITY,0.0,1,0,0,1
unified_hierarchical,1,30146776,0.005265895311019966,0,0,IDENTITY,0.0,0,0,0,0
unified_hierarchical,1,30120443,0.0027771371787970764,0,1,IDENTITY,0.0,1,0,0,1
unified_hierarchical,1,9241613720031,0.3642298185848275,0,0,IDENTITY,0.0,0,0,0,0
unified_hierarchical,1,9235283013290,0.029480761142610275,0,0,IDENTITY,0.0,0,0,0,0
unified_hierarchical,1,9236329913098,0.03802664936933138,0,0,IDENTITY,0.0,0,0,0,1
unified_hierarchical,1,9237324416179,0.006266925641366972,0,1,IDENTITY,0.0,1,0,0,1
unified_hierarchical,1,923750118696,0.07611978210119472,0,0,IDENTITY,0.0,0,0,0,0
unified_hierarchical,1,9236125910450,0.24616017913747756,0,0,IDENTITY,0.0,0,0,0,0
unified_hierarchical,1,923469135613,0.04087014081980479,0,0,IDENTITY,0.0,0,0,0,0
unified_hierarchical,1,923244802641,0.07372490326907659,0,0,IDENTITY,0.0,0,0,0,1
unified_hierarchical,1,923159261244,0.1250246442477487,0,0,IDENTITY,0.0,0,0,0,1
unified_hierarchical,1,9239324418791,0.09311922503297757,0,0,IDENTITY,0.0,0,0,0,0
unified_hierarchical,1,923527681117,0.5133712078534806,1,0,WHOLE,4.0,0,0,0,0
unified_hierarchical,1,9237893614661,0.3235465431520786,0,0,IDENTITY,0.0,0,0,0,0
unified_hierarchical,1,9236263113050,0.06900145543556664,0,1,IDENTITY,0.0,1,0,0,1
unified_hierarchical,1,923655528202,0.018165152227539255,0,0,IDENTITY,0.0,0,0,0,0
unified_hierarchical,1,923770318932,0.006854788639116865,0,1,IDENTITY,0.0,1,0,0,1
unified_hierarchical,1,92363570539,0.22893607210935327,0,0,IDENTITY,0.0,0,0,0,0
unified_hierarchical,1,9238080819569,0.8247189142516026,1,0,WHOLE,4.0,1,1,0,1
unified_hierarchical,1,923494355426,0.005111560446579978,0,1,IDENTITY,0.0,1,0,0,1
unified_hierarchical,1,9233861611489,0.043299192853765246,0,0,IDENTITY,0.0,0,0,0,1
unified_hierarchical,1,9237053914189,0.07515722647197967,0,1,IDENTITY,0.0,1,0,0,1
unified_hierarchical,1,9236940016487,0.5207426500499831,1,0,WHOLE,4.0,0,0,0,0
unified_hierarchical,1,9237217016839,0.8080958298452109,1,0,WHOLE,4.0,0,0,0,0
unified_hierarchical,1,9236335915768,0.4919515698236207,0,0,IDENTITY,0.0,0,0,0,0
unified_hierarchical,1,92386715738,0.005798898323070148,0,1,IDENTITY,0.0,1,0,0,1
unified_hierarchical,2,30147433,0.022318140126837777,0,0,IDENTITY,0.0,0,0,0,0
unified_hierarchical,2,90001034563,0.09370372074682862,0,1,IDENTITY,0.0,1,0,0,1
unified_hierarchical,2,923312939315,0.2979487651804113,0,0,IDENTITY,0.0,0,0,0,0
unified_hierarchical,2,30148074,0.00820324349997732,0,1,IDENTITY,0.0,1,0,0,1
unified_hierarchical,2,923748439020,2.0676659649168554e-05,0,0,IDENTITY,0.0,0,0,0,1
unified_hierarchical,2,30162413,0.025276832488149062,0,1,IDENTITY,0.0,1,0,0,1
unified_hierarchical,2,9237477314532,0.00715541723833543,0,1,IDENTITY,0.0,1,0,0,1
unified_hierarchical,2,30109986,0.6702841674187238,1,0,SA,4.0,0,0,0,0
unified_hierarchical,2,924081531047,0.02986093707789398,0,1,IDENTITY,0.0,1,0,0,1
unified_hierarchical,2,923479235383,0.06456276825881159,0,0,IDENTITY,0.0,0,0,0,0
unified_hierarchical,2,30099047,0.023019829199016024,0,1,IDENTITY,0.0,1,0,0,1
unified_hierarchical,2,9235061817167,0.5748888731907454,1,0,WHOLE,4.0,0,0,0,0
unified_hierarchical,2,30156411,0.04066510540653954,0,0,IDENTITY,0.0,0,0,0,0
unified_hierarchical,2,30165344,0.004944857428131119,0,0,IDENTITY,0.0,0,0,0,0
unified_hierarchical,2,92347104173,0.001491825154360517,0,1,IDENTITY,0.0,1,0,0,1
unified_hierarchical,2,9241072618408,0.009453086289180169,0,0,IDENTITY,0.0,0,0,0,0
unified_hierarchical,2,9235841814928,0.026987755365714933,0,0,IDENTITY,0.0,0,0,0,0
unified_hierarchical,2,9237398513684,0.010317435831546665,0,1,IDENTITY,0.0,1,0,0,1
unified_hierarchical,2,923700147650,0.2925302947857286,0,0,IDENTITY,0.0,0,0,0,0
unified_hierarchical,2,30159719,0.039490081126613945,0,0,IDENTITY,0.0,0,0,0,0
unified_hierarchical,2,30156333,0.2639359817842066,0,0,IDENTITY,0.0,0,0,0,0
unified_hierarchical,2,30105363,0.01901915582839216,0,0,IDENTITY,0.0,0,0,0,0
unified_hierarchical,2,30137366,0.06219839349418223,0,0,IDENTITY,0.0,0,0,0,0
unified_hierarchical,2,9240087119367,0.18333260481428704,0,0,IDENTITY,0.0,0,0,0,0
unified_hierarchical,2,30128425,0.028084453599013355,0,0,IDENTITY,0.0,0,0,0,0
unified_hierarchical,2,923173521103,0.019638730422828134,0,0,IDENTITY,0.0,0,0,0,0
unified_hierarchical,2,923822254043,0.15992038226134167,0,0,IDENTITY,0.0,0,0,0,0
unified_hierarchical,2,30154162,0.03193358111980257,0,1,IDENTITY,0.0,1,0,0,1
unified_hierarchical,2,923472742598,0.04187055414830073,0,0,IDENTITY,0.0,0,0,0,0
unified_hierarchical,2,9000100139,0.023713658450676287,0,0,IDENTITY,0.0,0,0,0,0
unified_hierarchical,2,9239251810553,0.07852368126049337,0,0,IDENTITY,0.0,0,0,0,0
unified_hierarchical,2,30107805,0.016768949070100292,0,0,IDENTITY,0.0,0,0,0,1
unified_hierarchical,2,9236088516653,0.006184145357320893,0,0,IDENTITY,0.0,0,0,0,0
unified_hierarchical,2,9240416217207,0.0315325658887718,0,0,IDENTITY,0.0,0,0,0,1
unified_hierarchical,2,923978578023,0.004125399272314645,0,1,IDENTITY,0.0,1,0,0,1
unified_hierarchical,2,30152704,0.028329308996481714,0,1,IDENTITY,0.0,1,0,0,1
unified_hierarchical,2,9237585619490,0.2316788757470068,0,0,IDENTITY,0.0,0,0,0,0
unified_hierarchical,2,923897497547,0.10749530734055786,0,0,IDENTITY,0.0,0,0,0,0
unified_hierarchical,2,9237902411804,0.007448715572507374,0,1,IDENTITY,0.0,1,0,0,1
unified_hierarchical,2,30092586,0.12651978001092376,0,0,IDENTITY,0.0,0,0,0,0
unified_hierarchical,2,9239904714646,0.3366696679406416,0,0,IDENTITY,0.0,0,0,0,0
unified_hierarchical,2,900034981287,0.013136593550448689,0,1,IDENTITY,0.0,1,0,0,1
unified_hierarchical,2,9232216620376,0.015521128035210848,0,0,IDENTITY,0.0,0,0,0,0
unified_hierarchical,2,924059115953,0.00970557751161779,0,0,IDENTITY,0.0,0,0,0,0
unified_hierarchical,2,923810977464,0.08466512567470229,0,0,IDENTITY,0.0,0,0,0,0
unified_hierarchical,2,924016871450,0.015168268041576827,0,1,IDENTITY,0.0,1,0,0,1
unified_hierarchical,2,923682395710,0.13373714782483742,0,0,IDENTITY,0.0,0,0,0,0
unified_hierarchical,2,9231740517473,0.5620492591362387,1,0,WHOLE,4.0,0,0,0,0
unified_hierarchical,2,9239750220456,0.8771095004826422,1,0,MN,4.0,1,1,0,1
unified_hierarchical,2,9233166029,0.5626995345438666,1,0,WHOLE,4.0,1,1,0,1
unified_hierarchical,2,9231864520238,0.11394538979796917,0,0,IDENTITY,0.0,0,0,0,0
unified_hierarchical,2,923206531630,0.15352586726271186,0,0,IDENTITY,0.0,0,0,0,0
unified_hierarchical,2,923427102216,0.28059058176130525,0,0,IDENTITY,0.0,0,0,0,0
unified_hierarchical,2,9235892820180,0.7424501461713287,1,0,WHOLE,4.0,1,1,0,1
unified_hierarchical,2,9234855714023,0.1066559252014145,0,0,IDENTITY,0.0,0,0,0,1
unified_hierarchical,2,92349827252,0.006306158099028779,0,1,IDENTITY,0.0,1,0,0,1
unified_hierarchical,2,9237445818009,0.3008512257436656,0,0,IDENTITY,0.0,0,0,0,1
unified_hierarchical,2,9234102710106,0.3534979749198355,0,0,IDENTITY,0.0,0,0,0,0
unified_hierarchical,3,30106094,0.05245469158007459,0,1,IDENTITY,0.0,1,0,0,1
unified_hierarchical,3,9234515510522,0.05426701987492457,0,0,IDENTITY,0.0,0,0,0,0
unified_hierarchical,3,923455845397,0.003914334425568497,0,0,IDENTITY,0.0,0,0,0,0
unified_hierarchical,3,30112426,0.005895128674609704,0,0,IDENTITY,0.0,0,0,0,1
unified_hierarchical,3,30113018,0.004830612167050685,0,1,IDENTITY,0.0,1,0,0,1
unified_hierarchical,3,923438789787,0.07906763862102613,0,0,IDENTITY,0.0,0,0,0,1
unified_hierarchical,3,9238903417954,0.12045022289878832,0,0,IDENTITY,0.0,0,0,0,0
unified_hierarchical,3,923351354299,0.2854883501406312,0,0,IDENTITY,0.0,0,0,0,0
unified_hierarchical,3,9234951118740,0.5095283095899176,1,0,WHOLE,4.0,0,0,0,0
unified_hierarchical,3,30151567,0.09190633038646305,0,0,IDENTITY,0.0,0,0,0,0
unified_hierarchical,3,9235495115505,0.09006929836175429,0,0,IDENTITY,0.0,0,0,0,0
unified_hierarchical,3,30163281,0.01842157349387602,0,0,IDENTITY,0.0,0,0,0,0
unified_hierarchical,3,92387578990,0.6488426113272884,1,0,WHOLE,4.0,0,0,0,1
unified_hierarchical,3,30105130,0.19395474500957302,0,1,IDENTITY,0.0,1,0,0,1
unified_hierarchical,3,30164908,0.23424359660561983,0,0,IDENTITY,0.0,0,0,0,0
unified_hierarchical,3,923209327341,0.25198564823155034,0,0,IDENTITY,0.0,0,0,0,0
unified_hierarchical,3,30104432,0.04322971226487135,0,0,IDENTITY,0.0,0,0,0,0
unified_hierarchical,3,30110000,0.0739364308235763,0,0,IDENTITY,0.0,0,0,0,0
unified_hierarchical,3,30095241,0.0015677964004106402,0,0,IDENTITY,0.0,0,0,0,0
unified_hierarchical,3,9236790510595,0.05736126350872483,0,0,IDENTITY,0.0,0,0,0,0
unified_hierarchical,3,30159445,0.15574208139394272,0,1,IDENTITY,0.0,1,0,0,1
unified_hierarchical,3,30102737,0.012480017830133892,0,0,IDENTITY,0.0,0,0,0,0
unified_hierarchical,3,30109556,0.061365473494016914,0,0,IDENTITY,0.0,0,0,0,0
unified_hierarchical,3,9233494116012,0.14564438441386834,0,0,IDENTITY,0.0,0,0,0,0
unified_hierarchical,3,30135439,0.007297253630145136,0,1,IDENTITY,0.0,1,0,0,1
unified_hierarchical,3,923636113293,0.015482879739083154,0,1,IDENTITY,0.0,1,0,0,1
unified_hierarchical,3,915922197692,0.0022173968415187917,0,1,IDENTITY,0.0,1,0,0,1
unified_hierarchical,3,9236808918046,0.9421864168081449,1,0,WHOLE,4.0,1,1,0,1
unified_hierarchical,3,30131016,0.2613642637568356,0,0,IDENTITY,0.0,0,0,0,0
unified_hierarchical,3,9240595217639,0.002788838186454883,0,1,IDENTITY,0.0,1,0,0,1
unified_hierarchical,3,924146126721,0.0019290112838910754,0,1,IDENTITY,0.0,1,0,0,1
unified_hierarchical,3,30123450,0.02763729867422469,0,1,IDENTITY,0.0,1,0,0,1
unified_hierarchical,3,923892863741,0.0019664719466252326,0,1,IDENTITY,0.0,1,0,0,1
unified_hierarchical,3,9234906511551,0.03401541901450364,0,0,IDENTITY,0.0,0,0,0,0
unified_hierarchical,3,9237656113647,0.0015920578186405915,0,0,IDENTITY,0.0,0,0,0,0
unified_hierarchical,3,9241103419774,0.2338673512888328,0,0,IDENTITY,0.0,0,0,0,0
unified_hierarchical,3,30151361,0.2868994690487102,0,0,IDENTITY,0.0,0,0,0,0
unified_hierarchical,3,30115024,0.15985546520988297,0,0,IDENTITY,0.0,0,0,0,0
unified_hierarchical,3,30153367,0.1802107918406605,0,0,IDENTITY,0.0,0,0,0,0
unified_hierarchical,3,30107404,0.09523994156287545,0,0,IDENTITY,0.0,0,0,0,0
unified_hierarchical,3,90002869279,0.7745452479775083,1,0,WHOLE,4.0,1,1,0,1
unified_hierarchical,3,9237405319457,0.2701584578948841,0,0,IDENTITY,0.0,0,0,0,0
unified_hierarchical,3,923421092373,0.014226775795537593,0,0,IDENTITY,0.0,0,0,0,0
unified_hierarchical,3,924171854450,0.06481854069804732,0,0,IDENTITY,0.0,0,0,0,0
unified_hierarchical,3,923826627102,0.6318943060755752,1,0,WHOLE,4.0,1,1,0,1
unified_hierarchical,3,923658929106,0.01606578413877628,0,0,IDENTITY,0.0,0,0,0,0
unified_hierarchical,3,923932993328,0.005755021469472277,0,1,IDENTITY,0.0,1,0,0,1
unified_hierarchical,3,923500613903,0.09235560911532989,0,0,IDENTITY,0.0,0,0,0,0
unified_hierarchical,3,9234999614518,0.06836778077985592,0,0,IDENTITY,0.0,0,0,0,0
unified_hierarchical,3,924133906957,0.6084159690816668,1,0,WHOLE,4.0,1,1,0,1
unified_hierarchical,3,900003772458,0.5247476047060254,1,0,WHOLE,4.0,0,0,0,0
unified_hierarchical,3,9237229510134,0.03223515458545452,0,0,IDENTITY,0.0,0,0,0,0
unified_hierarchical,3,923154013606,0.16720763307070735,0,0,IDENTITY,0.0,0,0,0,1
unified_hierarchical,3,924006752367,0.021239495479396756,0,1,IDENTITY,0.0,1,0,0,1
unified_hierarchical,3,9159258620356,0.0014199475420391616,0,1,IDENTITY,0.0,1,0,0,1
unified_hierarchical,3,9236039814604,0.00958859947215699,0,0,IDENTITY,0.0,0,0,0,0
unified_hierarchical,3,9241338710995,0.017096879039207757,0,0,IDENTITY,0.0,0,0,0,0
unified_hierarchical,3,923554248139,0.05706231855824146,0,0,IDENTITY,0.0,0,0,0,0
unified_hierarchical,4,30159890,0.4795205648831539,0,0,IDENTITY,0.0,0,0,0,0
unified_hierarchical,4,9236870611322,0.008493819242738627,0,0,IDENTITY,0.0,0,0,0,0
unified_hierarchical,4,30112699,0.1512851806160231,0,1,IDENTITY,0.0,1,0,0,1
unified_hierarchical,4,9241443216497,0.43970206590413974,0,0,IDENTITY,0.0,0,0,0,1
unified_hierarchical,4,923805551402,0.47217469312565735,0,0,IDENTITY,0.0,0,0,0,0
unified_hierarchical,4,923590517519,0.7510437776656871,1,0,WHOLE,4.0,1,1,0,1
unified_hierarchical,4,923588306206,0.11978926445614337,0,0,IDENTITY,0.0,0,0,0,0
unified_hierarchical,4,9238223617101,0.03940181436021918,0,0,IDENTITY,0.0,0,0,0,0
unified_hierarchical,4,9159289411451,0.05255915044403872,0,0,IDENTITY,0.0,0,0,0,0
unified_hierarchical,4,923917121561,0.03269439385253045,0,1,IDENTITY,0.0,1,0,0,1
unified_hierarchical,4,30107213,0.0111014166301658,0,0,IDENTITY,0.0,0,0,0,0
unified_hierarchical,4,923658979198,0.1724626307862883,0,0,IDENTITY,0.0,0,0,0,0
unified_hierarchical,4,30119704,0.003557527212118974,0,0,IDENTITY,0.0,0,0,0,0
unified_hierarchical,4,9232387014760,0.0165151287656581,0,0,IDENTITY,0.0,0,0,0,1
unified_hierarchical,4,923530422853,0.0012462493254442287,0,1,IDENTITY,0.0,1,0,0,1
unified_hierarchical,4,30107865,0.7227235383719058,1,0,WHOLE,2.25,0,0,0,0
unified_hierarchical,4,9233136019555,0.0013417346865312635,0,1,IDENTITY,0.0,1,0,0,1
unified_hierarchical,4,923279921089,0.30262211484601065,0,1,IDENTITY,0.0,1,0,0,1
unified_hierarchical,4,30144219,0.0020299095463159177,0,0,IDENTITY,0.0,0,0,0,1
unified_hierarchical,4,30097836,0.08822516997563834,0,0,IDENTITY,0.0,0,0,0,0
unified_hierarchical,4,9233645113091,0.003781670783499455,0,1,IDENTITY,0.0,1,0,0,1
unified_hierarchical,4,9235058620833,0.005658981294281804,0,0,IDENTITY,0.0,0,0,0,0
unified_hierarchical,4,9239245619683,0.005250650234528681,0,1,IDENTITY,0.0,1,0,0,1
unified_hierarchical,4,9240175618403,0.9760236080633231,1,0,MN,4.0,0,0,0,0
unified_hierarchical,4,923290551692,0.27648295951658997,0,0,IDENTITY,0.0,0,0,0,0
unified_hierarchical,4,9241468217793,0.6431203427464768,1,0,MN,4.0,1,1,0,1
unified_hierarchical,4,9235875420730,0.0029273303232579466,0,1,IDENTITY,0.0,1,0,0,1
unified_hierarchical,4,923261278194,0.007976969533408715,0,1,IDENTITY,0.0,1,0,0,1
unified_hierarchical,4,923570556594,0.03953102442451713,0,0,IDENTITY,0.0,0,0,0,0
unified_hierarchical,4,9233169320776,0.038861967749983066,0,1,IDENTITY,0.0,1,0,0,1
unified_hierarchical,4,923705899258,0.014433538050116695,0,1,IDENTITY,0.0,1,0,0,1
unified_hierarchical,4,30115852,0.00864803824723614,0,0,IDENTITY,0.0,0,0,0,0
unified_hierarchical,4,9231634919486,0.2581660075628632,0,0,IDENTITY,0.0,0,0,0,0
unified_hierarchical,4,9236591217338,0.002062445543071367,0,1,IDENTITY,0.0,1,0,0,1
unified_hierarchical,4,923735539136,0.07314728187146062,0,0,IDENTITY,0.0,0,0,0,0
unified_hierarchical,4,9241115017268,0.002819245386041992,0,1,IDENTITY,0.0,1,0,0,1
unified_hierarchical,4,30113929,0.058024878219683856,0,0,IDENTITY,0.0,0,0,0,0
unified_hierarchical,4,30143839,0.10022140225516625,0,1,IDENTITY,0.0,1,0,0,1
unified_hierarchical,4,923558853757,0.6350481241311844,1,0,WHOLE,4.0,1,1,0,1
unified_hierarchical,4,30163566,0.004057981335308833,0,1,IDENTITY,0.0,1,0,0,1
unified_hierarchical,4,923165322743,0.044976832777591715,0,1,IDENTITY,0.0,1,0,0,1
unified_hierarchical,4,9234788319974,0.028064145626760243,0,0,IDENTITY,0.0,0,0,0,0
unified_hierarchical,4,923991464123,0.026077717384584868,0,0,IDENTITY,0.0,0,0,0,1
unified_hierarchical,4,923728789887,0.27318735966803276,0,0,IDENTITY,0.0,0,0,0,0
unified_hierarchical,4,9236700518019,0.3703341339723006,0,0,IDENTITY,0.0,0,0,0,1
unified_hierarchical,4,923427056633,0.1469728431816671,0,0,IDENTITY,0.0,0,0,0,0
unified_hierarchical,4,9237107118874,0.0031398571564998255,0,1,IDENTITY,0.0,1,0,0,1
unified_hierarchical,4,9238738012629,0.07657234020303154,0,0,IDENTITY,0.0,0,0,0,0
unified_hierarchical,4,92407963530,0.060941206575003605,0,0,IDENTITY,0.0,0,0,0,0
unified_hierarchical,4,923991569485,0.00038421143724764746,0,1,IDENTITY,0.0,1,0,0,1
unified_hierarchical,4,9238638719080,0.011422240991764797,0,0,IDENTITY,0.0,0,0,0,0
unified_hierarchical,4,9240403613093,0.08982137993054481,0,0,IDENTITY,0.0,0,0,0,0
unified_hierarchical,4,9234815516731,0.019315739178742557,0,0,IDENTITY,0.0,0,0,0,0
unified_hierarchical,4,923438149115,0.009068659503684368,0,1,IDENTITY,0.0,1,0,0,1
unified_hierarchical,4,900007843709,0.006358929624581466,0,1,IDENTITY,0.0,1,0,0,1
unified_hierarchical,4,9232022616364,0.04334283672983747,0,0,IDENTITY,0.0,0,0,0,0
unified_hierarchical,4,923998341841,0.18345255028479313,0,1,IDENTITY,0.0,1,0,0,1
unified_hierarchical,4,923908406426,0.17142549527257372,0,0,IDENTITY,0.0,0,0,0,0
