domain,feature,z_lower,z_upper,n_low_clipped,n_high_clipped,n_any_clipped,fraction_any_clipped,raw_z_abs_max,projected_z_abs_max,mean_abs_projection_change
v3_confirmation,baseline_best_numeral,-1.6492566344173407,2.5926585775614166,0,0,0,0.0,2.5926585775614166,2.5926585775614166,0.0
v3_confirmation,baseline_entropy,-0.8255883801740448,3.287127929932673,0,7,7,0.0035,3.730608368797533,3.287127929932673,0.0008526290770022296
v3_confirmation,baseline_entropy_norm,-0.8255883801740443,3.287127929932673,0,7,7,0.0035,3.7306083687975335,3.287127929932673,0.0008526290770022305
v3_confirmation,baseline_expected_numeral,-1.6590903848471743,2.561867522353497,1,2,3,0.0015,2.7099034166251768,2.561867522353497,0.00011166062661257336
v3_confirmation,baseline_top1_prob,-4.065752212272464,0.6685333329124725,0,0,0,0.0,3.3940568955526422,3.3940568955526422,0.0
v3_confirmation,baseline_conditional_margin,-2.9898148696894853,0.6663549823911035,0,0,0,0.0,2.9898148696894853,2.9898148696894853,0.0
v3_confirmation,baseline_vocab_numeral_mass,-7.670890690444909,0.6701312904831004,2,2,4,0.002,9.612141723168147,7.670890690444909,0.0009760842801393345
v3_confirmation,baseline_numprob_0,-0.0889941435558226,23.425656971890557,1,1,2,0.001,23.425996827819784,23.425656971890557,1.8617628461852636e-07
v3_confirmation,baseline_numprob_1,-0.3381887318845166,2.98441342386307,12,0,12,0.006,2.9844114237242616,2.9844114237242616,3.176143586719471e-09
v3_confirmation,baseline_numprob_2,-0.3587756868061935,2.849498960548587,7,1,8,0.004,2.8495043731472207,2.849498960548587,3.2143387928840195e-09
v3_confirmation,baseline_numprob_3,-0.3531341515394198,3.0530860679048084,3,3,6,0.003,3.053120070563834,3.0530860679048084,3.3065713431229547e-08
v3_confirmation,baseline_numprob_4,-0.3803671705679612,2.9577652718848237,2,3,5,0.0025,2.9580367484399317,2.9577652718848237,2.585140371416661e-07
v3_confirmation,baseline_numprob_5,-0.3700727523889267,3.2751911781306564,1,2,3,0.0015,3.276362698932573,3.2751911781306564,7.893141721483088e-07
v3_confirmation,baseline_numprob_6,-0.4927020187522719,2.4244242192620318,4,0,4,0.002,2.4241577394856355,2.4241577394856355,7.247813485489196e-11
v3_confirmation,baseline_numprob_7,-0.4704111593528798,2.721538242552106,1,2,3,0.0015,2.722971606867314,2.721538242552106,1.24201486047254e-06
v3_confirmation,baseline_numprob_8,-0.4139281685690077,3.2674574815693105,1,0,1,0.0005,3.2608770234740674,3.2608770234740674,2.3453803343898017e-12
v3_confirmation,baseline_numprob_9,-0.2479389040834854,6.543592614271351,1,9,10,0.005,7.408579252378859,6.543592614271351,0.001914550630387101
v3_confirmation,baseline_numprob_10,-0.1304395507224813,14.05797976434379,0,0,0,0.0,13.49289896796665,13.49289896796665,0.0
v3_confirmation,baseline_numprob_11,-0.0733527354875782,20.99135874452137,0,0,0,0.0,19.195438033585965,19.195438033585965,0.0
v3_confirmation,baseline_numprob_12,-0.0495662499962673,29.39301076555181,0,4,4,0.002,60.23389024615755,29.39301076555181,0.028000657549299056
v3_confirmation,baseline_numprob_13,-0.0502446901382875,29.661870704799345,1,5,6,0.003,212.28595830498932,29.661870704799345,0.13791633923245317
v3_confirmation,baseline_numprob_14,-0.0953905542244125,28.84420886122841,1,4,5,0.0025,362.8849420930066,28.84420886122841,0.22424864516334736
v3_confirmation,baseline_numprob_15,-0.7241756491090164,10.100862003138817,0,5,5,0.0025,135.15162941762978,10.100862003138817,0.09061261965925273
v3_confirmation,geom_top2_prob,-0.6597325371949198,3.093758778722447,0,5,5,0.0025,3.0951737115469347,3.093758778722447,1.7716917560179902e-06
v3_confirmation,geom_expected_minus_pred,-3.145602062194039,6.215979237142206,7,0,7,0.0035,3.5129153380389884,3.145602062194039,0.000263268904673376
v3_confirmation,geom_p_down1,-0.3971890847590052,4.6317227323278285,2,0,2,0.001,4.631651855387976,4.631651855387976,9.087816750241729e-10
v3_confirmation,geom_p_up1,-0.4928701767006723,3.951178916796997,0,5,5,0.0025,3.9528541574281824,3.951178916796997,2.0976331626856302e-06
v3_confirmation,geom_p_down2,-0.1316796703292279,23.34747854507326,202,6,6,0.003,49.90614760009336,23.34747854507326,0.041183831329094665
v3_confirmation,geom_p_up2,-0.1011005490593944,28.61527049458644,5,0,5,0.0025,6.626200200435939,6.626200200435939,3.276463434537247e-09
v3_confirmation,geom_local_asymmetry,-3.1661544858317487,3.128849671197165,0,3,3,0.0015,3.1655950741601684,3.1655950741601684,9.216755642280638e-07
v3_confirmation,geom_up_mass,-0.4894605491787615,5.280748760370126,3,0,3,0.0015,3.840175187456836,3.840175187456836,2.178448254036569e-09
v3_confirmation,geom_down_mass,-0.4031660419423601,4.609581834311682,0,1,1,0.0005,4.636559361415606,4.609581834311682,1.3488763551961824e-05
v3_confirmation,geom_signed_tail_mass,-3.121620318796411,4.141295505667796,0,0,0,0.0,3.119792322403301,3.119792322403301,0.0
v3_confirmation,geom_up_distance_mass,-0.4820007510008542,7.926599192291027,2,0,2,0.001,4.091137360066025,4.091137360066025,2.078313715903057e-09
v3_confirmation,geom_down_distance_mass,-0.4260551981377457,4.675533275809323,0,6,6,0.003,5.439145683392076,4.675533275809323,0.0011808964013067936
v3_confirmation,geom_signed_distance_mass,-3.1456020621940457,6.215979237142204,7,0,7,0.0035,3.512915338038976,3.1456020621940457,0.0002632689046733434
v3_confirmation,geom_up_boundary_gap,-3.584529050731304,0.6318348334284418,0,2,2,0.001,3.584529050731304,3.584529050731304,4.6100430900475333e-10
v3_confirmation,geom_down_boundary_gap,-3.884817271522052,0.6281795597725508,1,0,1,0.0005,3.8857875851744366,3.884817271522052,4.851568261923234e-07
v3_confirmation,geom_up_down_logratio,-2.6954843430418958,2.427886767606354,0,0,0,0.0,2.4278867644837945,2.4278867644837945,0.0
tallyqa_posthoc_development,baseline_best_numeral,-1.6492566344173407,2.5926585775614166,353,9,362,0.0905,4.2894246623529195,2.5926585775614166,0.04051029027439715
tallyqa_posthoc_development,baseline_entropy,-0.8255883801740448,3.287127929932673,0,444,444,0.111,8.809838598484044,3.287127929932673,0.1765734130402414
tallyqa_posthoc_development,baseline_entropy_norm,-0.8255883801740443,3.287127929932673,0,444,444,0.111,8.809838598484044,3.287127929932673,0.1765734130402414
tallyqa_posthoc_development,baseline_expected_numeral,-1.6590903848471743,2.561867522353497,389,9,398,0.0995,3.6681957044007576,2.561867522353497,0.025098110749154252
tallyqa_posthoc_development,baseline_top1_prob,-4.065752212272464,0.6685333329124725,123,0,123,0.03075,5.629970109513579,4.065752212272464,0.017777274321292964
tallyqa_posthoc_development,baseline_conditional_margin,-2.9898148696894853,0.6663549823911035,0,0,0,0.0,2.9898148696894853,2.9898148696894853,0.0
tallyqa_posthoc_development,baseline_vocab_numeral_mass,-7.670890690444909,0.6701312904831004,961,0,961,0.24025,42.61838309495422,7.670890690444909,1.6264163598687338
tallyqa_posthoc_development,baseline_numprob_0,-0.0889941435558226,23.425656971890557,1,610,611,0.15275,2138.646405439319,23.425656971890557,162.67541042550013
tallyqa_posthoc_development,baseline_numprob_1,-0.3381887318845166,2.98441342386307,34,0,34,0.0085,2.984382113225046,2.984382113225046,2.4708396266837073e-08
tallyqa_posthoc_development,baseline_numprob_2,-0.3587756868061935,2.849498960548587,4,6,10,0.0025,2.8495212884160708,2.849498960548587,1.5902193130828968e-08
tallyqa_posthoc_development,baseline_numprob_3,-0.3531341515394198,3.0530860679048084,0,1,1,0.00025,3.053173687408264,3.0530860679048084,2.190487586384293e-08
tallyqa_posthoc_development,baseline_numprob_4,-0.3803671705679612,2.9577652718848237,0,0,0,0.0,2.955785953778189,2.955785953778189,0.0
tallyqa_posthoc_development,baseline_numprob_5,-0.3700727523889267,3.2751911781306564,9,0,9,0.00225,3.206243913613753,3.206243913613753,2.1251899072483038e-10
tallyqa_posthoc_development,baseline_numprob_6,-0.4927020187522719,2.4244242192620318,8,0,8,0.002,2.4017854970065415,2.4017854970065415,7.502161131212048e-11
tallyqa_posthoc_development,baseline_numprob_7,-0.4704111593528798,2.721538242552106,26,0,26,0.0065,2.3046432786377378,2.3046432786377378,6.237001359543637e-10
tallyqa_posthoc_development,baseline_numprob_8,-0.4139281685690077,3.2674574815693105,8,0,8,0.002,3.0176358441617936,3.0176358441617936,3.77364505199651e-11
tallyqa_posthoc_development,baseline_numprob_9,-0.2479389040834854,6.543592614271351,7,0,7,0.00175,4.585270824598915,4.585270824598915,5.375721416622792e-11
tallyqa_posthoc_development,baseline_numprob_10,-0.1304395507224813,14.05797976434379,15,0,15,0.00375,9.602695031238973,9.602695031238973,6.578563440662322e-10
tallyqa_posthoc_development,baseline_numprob_11,-0.0733527354875782,20.99135874452137,0,1,1,0.00025,26.15921067900414,20.99135874452137,0.0012919629836206923
tallyqa_posthoc_development,baseline_numprob_12,-0.0495662499962673,29.39301076555181,0,2,2,0.0005,59.168410309117874,29.39301076555181,0.008286921883139916
tallyqa_posthoc_development,baseline_numprob_13,-0.0502446901382875,29.661870704799345,0,65,65,0.01625,1718.1717037020614,29.661870704799345,3.1710067047988515
tallyqa_posthoc_development,baseline_numprob_14,-0.0953905542244125,28.84420886122841,0,282,282,0.0705,58995.904460785874,28.84420886122841,156.53798037033073
tallyqa_posthoc_development,baseline_numprob_15,-0.7241756491090164,10.100862003138817,2,842,844,0.211,504829.80446228903,10.100862003138817,1278.6669296401888
tallyqa_posthoc_development,geom_top2_prob,-0.6597325371949198,3.093758778722447,0,6,6,0.0015,3.0970191722735376,3.093758778722447,2.2998253824083605e-06
tallyqa_posthoc_development,geom_expected_minus_pred,-3.145602062194039,6.215979237142206,45,112,157,0.03925,39.25671745525206,6.215979237142206,0.21106397075567215
tallyqa_posthoc_development,geom_p_down1,-0.3971890847590052,4.6317227323278285,397,5,402,0.1005,4.633302023122132,4.6317227323278285,3.6771496804534897e-06
tallyqa_posthoc_development,geom_p_up1,-0.4928701767006723,3.951178916796997,5,6,11,0.00275,3.955039130975306,3.951178916796997,2.728898278098357e-06
tallyqa_posthoc_development,geom_p_down2,-0.1316796703292279,23.34747854507326,2044,214,214,0.0535,414.4340551929526,23.34747854507326,3.8113095721765182
tallyqa_posthoc_development,geom_p_up2,-0.1011005490593944,28.61527049458644,7,7,14,0.0035,41.50929746402012,28.61527049458644,0.00745965160082157
tallyqa_posthoc_development,geom_local_asymmetry,-3.1661544858317487,3.128849671197165,5,4,9,0.00225,3.167769243773571,3.1661544858317487,3.1021045556556272e-06
tallyqa_posthoc_development,geom_up_mass,-0.4894605491787615,5.280748760370126,5,17,22,0.0055,6.625532867549837,5.280748760370126,0.001622968037103263
tallyqa_posthoc_development,geom_down_mass,-0.4031660419423601,4.609581834311682,444,32,476,0.119,8.812319166717806,4.609581834311682,0.00823012693408763
tallyqa_posthoc_development,geom_signed_tail_mass,-3.121620318796411,4.141295505667796,14,11,25,0.00625,5.656367844075151,4.141295505667796,0.0040942425795500855
tallyqa_posthoc_development,geom_up_distance_mass,-0.4820007510008542,7.926599192291027,5,140,145,0.03625,45.73835747579731,7.926599192291027,0.24676587136543102
tallyqa_posthoc_development,geom_down_distance_mass,-0.4260551981377457,4.675533275809323,444,105,549,0.13725,64.37055420657146,4.675533275809323,0.11968261945735197
tallyqa_posthoc_development,geom_signed_distance_mass,-3.1456020621940457,6.215979237142204,45,112,157,0.03925,39.256717455252094,6.215979237142204,0.21106397075567235
tallyqa_posthoc_development,geom_up_boundary_gap,-3.584529050731304,0.6318348334284418,0,0,0,0.0,3.584529050731304,3.584529050731304,0.0
tallyqa_posthoc_development,geom_down_boundary_gap,-3.884817271522052,0.6281795597725508,66,0,66,0.0165,4.088345971268851,3.884817271522052,0.0012288401334725157
tallyqa_posthoc_development,geom_up_down_logratio,-2.6954843430418958,2.427886767606354,5,368,373,0.09325,6.050856154056877,2.6954843430418958,0.25153242904693546
