layer,head,n_pairs,mean_effect_wrong,mean_effect_correct,mean_interaction_logp,mean_abs_interaction_logp,negative_interaction_fraction,positive_interaction_fraction
3,0,5,-0.09425010681152343,0.00980230416171252,-0.10405241097323596,0.10456456369720397,0.6,0.4
3,1,5,-0.08851293325424192,0.00795098827220498,-0.09646392152644692,0.14184508309699595,0.6,0.4
3,2,5,-0.32723369598388674,-0.00897593991830942,-0.31825775606557727,0.31825775606557727,1.0,0.0
3,3,5,0.15649111270904537,0.0218858379870653,0.13460527472198008,0.18461877061054105,0.2,0.8
3,4,5,-0.767590856552124,-0.040004821773618415,-0.7275860347785056,0.7275860347785056,1.0,0.0
3,5,5,0.10484747886657715,0.018856746423989504,0.08599073244258763,0.12004238860681651,0.4,0.6
3,6,5,-0.2938560485839844,-0.01672457996755835,-0.277131468616426,0.277131468616426,1.0,0.0
3,7,5,-0.14900275468826293,0.0018068627920001766,-0.15080961748026311,0.15152521147392686,0.8,0.2
3,8,5,-0.14422190189361567,0.01567299189046023,-0.1598948937840759,0.15992635907605285,0.8,0.2
3,9,5,-0.15499676465988155,-0.00100916465744372,-0.15398760000243783,0.19506524959579105,0.8,0.2
3,10,5,-0.1362898826599121,-0.004701279755681744,-0.13158860290423036,0.131853256188333,0.8,0.2
3,11,5,-0.44829474687576293,-0.0069096490275114995,-0.44138509784825136,0.44138509784825136,1.0,0.0
3,12,5,-0.11856194734573364,0.00694422516971826,-0.1255061725154519,0.1673016672953963,0.6,0.4
3,13,5,-0.09352571964263912,0.013989513600245113,-0.10751523324288423,0.10751523324288423,1.0,0.0
3,14,5,-0.18785725831985473,-0.025234928587451595,-0.16262232973240312,0.16262232973240312,1.0,0.0
3,15,5,0.12034918069839476,0.028743666457012255,0.0916055142413825,0.09180158763192595,0.2,0.8
3,16,5,-0.09849753379821775,-0.004612019285559641,-0.09388551451265811,0.14017687775194643,0.8,0.2
3,17,5,-0.18896945714950558,-0.01388815827667712,-0.17508129887282844,0.19021854214370246,0.8,0.2
3,18,5,-0.019645690917968736,-0.0012831763830035796,-0.01836251453496516,0.07105449340306216,0.4,0.6
3,19,5,-0.01618826389312744,0.01736560978461054,-0.033553873677737975,0.12743843265343452,0.8,0.2
3,20,5,-0.47448785305023194,-0.0037117111496627006,-0.4707761419005692,0.4707761419005692,1.0,0.0
3,21,5,-0.1490319967269897,-0.0227543341461569,-0.12627766258083278,0.12627766258083278,1.0,0.0
3,22,5,-0.48462700843811035,-0.04446686417795714,-0.44016014426015315,0.44016014426015315,1.0,0.0
3,23,5,-0.010202777385711681,0.02434769459068772,-0.03455047197639939,0.13137195557355877,0.4,0.6
3,24,5,-0.009861588478088379,-0.014473918010480698,0.004612329532392318,0.19461305581498886,0.6,0.4
3,25,5,-0.20479485988616944,0.0012698824750259356,-0.20606474236119535,0.2560138650005682,0.8,0.2
3,26,5,0.07839188575744628,-0.013361311890184862,0.09175319764763115,0.16505989525467152,0.4,0.6
3,27,5,0.44137208461761473,0.0062454461120069,0.43512663850560784,0.43512663850560784,0.0,1.0
3,28,5,-0.17574598789215085,-0.010480592865496841,-0.165265395026654,0.165265395026654,1.0,0.0
3,29,5,-0.2722593307495117,0.0052234012633561805,-0.2774827320128678,0.2774827320128679,1.0,0.0
3,30,5,-0.30992138385772705,0.0077192540280521,-0.3176406378857791,0.3176762879826128,0.8,0.2
3,31,5,-0.09448069334030149,-0.0018680917564779399,-0.09261260158382353,0.09326447243802247,0.8,0.2
8,0,5,-0.034760010242462155,0.009517033025622344,-0.04427704326808449,0.044662837777286725,0.8,0.2
8,1,5,-0.3054184436798095,-0.02226225179620084,-0.2831561918836087,0.2831561918836087,1.0,0.0
8,2,5,0.007974374294280984,-0.0010426376014947677,0.009017011895775761,0.154839814081788,0.4,0.6
8,3,5,-0.16622071266174315,0.004982625599950572,-0.1712033382616937,0.1712033382616937,1.0,0.0
8,4,5,-0.06573123931884765,-0.0034632140304892934,-0.06226802528835836,0.1120518499519676,0.6,0.4
8,5,5,0.11819286942481995,0.029703067382797578,0.08848980204202236,0.13874487807042896,0.2,0.8
8,6,5,-0.022518539428710897,0.0042637158650905,-0.026782255293801398,0.11467516017146402,0.8,0.2
8,7,5,0.28096154928207395,0.029007964394986603,0.25195358488708736,0.25195358488708736,0.0,1.0
8,8,5,-0.10918326377868648,-0.01122645176947114,-0.09795681200921534,0.0979940593242645,0.8,0.2
8,9,5,-0.25438964366912836,0.014223794499412181,-0.26861343816854055,0.2686134381685406,1.0,0.0
8,10,5,0.07376282215118406,0.006561813224107041,0.067201008927077,0.0760207201354205,0.2,0.8
8,11,5,-0.2711629986763,0.009564087679609699,-0.2807270863559097,0.2807270863559097,1.0,0.0
8,12,5,-0.012051671743392977,0.011616681981831764,-0.023668353725224734,0.15191817497834562,0.4,0.6
8,13,5,0.06867976188659666,-0.021018220344558323,0.08969798223115498,0.19893388771452009,0.2,0.8
8,14,5,-0.09853291511535645,0.027013825927860995,-0.12554674104321745,0.12554674104321745,1.0,0.0
8,15,5,-0.043248856067657486,-0.0034963633399456963,-0.039752492727711794,0.09353084652684625,0.4,0.6
8,16,5,-0.0859306931495666,0.0013001081533729924,-0.08723080130293959,0.0872308013029396,1.0,0.0
8,17,5,-0.09854457378387448,0.006033288640901421,-0.10457786242477589,0.10494936830364161,0.8,0.2
8,18,5,0.029864382743835398,0.012164136162027682,0.01770024658180772,0.07664476647041736,0.4,0.6
8,19,5,0.1964080810546875,0.014916749065741914,0.18149133198894557,0.21645465367473657,0.2,0.8
8,20,5,-0.021581947803497297,0.007663298049010297,-0.029245245852507595,0.08924308752175417,0.4,0.6
8,21,5,0.10769001245498655,0.006585918623022701,0.10110409383196384,0.12376570638734845,0.4,0.6
8,22,5,0.10531129837036127,-0.00113395666703578,0.10644525503739703,0.10644525503739703,0.0,1.0
8,23,5,0.10498927831649778,0.01207956154830754,0.09290971676819024,0.18789157192222766,0.2,0.8
8,24,5,0.3473850965499877,0.03524125991389156,0.3121438366360962,0.31214383663609624,0.0,1.0
8,25,5,-0.0766188383102417,0.0067811385262757234,-0.08339997683651743,0.14785984163172539,0.8,0.2
8,26,5,-0.007156455516815208,0.00823466372676192,-0.015391119243577112,0.26732978406362234,0.4,0.6
8,27,5,-0.363752281665802,-0.025692396191880063,-0.3380598854739219,0.3380598854739219,1.0,0.0
8,28,5,-0.08133625984191892,-0.011313670920208019,-0.0700225889217109,0.07614651615731423,0.8,0.2
8,29,5,-0.005025494098663319,0.009337947005406022,-0.014363441104069336,0.14812325560487802,0.6,0.4
8,30,5,-0.39798340797424314,0.015416448214091341,-0.4133998561883345,0.4133998561883345,1.0,0.0
8,31,5,-0.013695329427719116,0.005398874823003961,-0.019094204250723078,0.13077636295929548,0.6,0.4
13,0,5,0.6084929645061493,0.04036760041490194,0.5681253640912474,0.5681253640912474,0.0,1.0
13,1,5,-0.1889212965965271,0.00926744858734306,-0.19818874518387014,0.23073046128265556,0.6,0.4
13,2,5,0.14453037977218625,0.00936790532432496,0.13516247444786128,0.1440450298134237,0.2,0.8
13,3,5,0.008299648761749281,0.01192901115864508,-0.0036293623968957993,0.12859593313187356,0.6,0.4
13,4,5,-0.1692286252975464,-0.007809265376999967,-0.1614193599205464,0.1614193599205464,1.0,0.0
13,5,5,-0.009034079313278197,0.007403861079365001,-0.016437940392643197,0.08233992196619508,0.6,0.4
13,6,5,0.0777202248573303,0.014233365887775958,0.06348685896955432,0.10519099510274824,0.2,0.8
13,7,5,0.13101252317428588,0.01740107890218493,0.11361144427210094,0.11368932807818055,0.2,0.8
13,8,5,-0.11592761278152466,0.02163156317546958,-0.13755917595699424,0.17097996594384307,0.8,0.2
13,9,5,0.09015133380889888,0.01070732658263292,0.07944400722626596,0.0878450822317973,0.2,0.8
13,10,5,0.07266581058502194,0.014502917020581641,0.05816289356444031,0.06756917561870066,0.4,0.6
13,11,5,-0.2649673938751221,-0.0009650271385907655,-0.2640023667365313,0.26400236673653127,1.0,0.0
13,12,5,-0.13111854791641236,0.01673352299258114,-0.1478520709089935,0.14810893712565298,0.8,0.2
13,13,5,-0.27531533241271966,-0.027118206210434405,-0.2481971262022853,0.29805609937757255,0.8,0.2
13,14,5,0.04739305973052978,-0.0013400146737694869,0.04873307440429926,0.1284668704494834,0.6,0.4
13,15,5,-0.3608775615692138,-0.015782856568694083,-0.34509470500051975,0.34509470500051975,1.0,0.0
13,16,5,0.01882323026657104,0.02633937997743484,-0.0075161497108638,0.15422180490568285,0.4,0.6
13,17,5,-0.009040462970733645,0.0128973959945142,-0.021937858965247838,0.15971581442281596,0.6,0.4
13,18,5,-0.015380692481994598,-0.00422208234667774,-0.01115861013531686,0.09970905566588043,0.6,0.4
13,19,5,-0.09366073608398434,0.00949177998118104,-0.10315251606516537,0.10315251606516537,1.0,0.0
13,20,5,0.11141793727874753,0.00529545634053646,0.10612248093821108,0.1384260884020477,0.2,0.8
13,21,5,0.038916099071502674,0.014118638401851059,0.02479746066965162,0.06884930902160706,0.4,0.6
13,22,5,0.14510079622268673,0.00711055793799458,0.13799023828469217,0.13799023828469217,0.0,1.0
13,23,5,0.15622220039367674,0.009550194907933459,0.14667200548574327,0.14667200548574327,0.0,1.0
13,24,5,0.05369939804077147,0.031007572123780795,0.02269182591699065,0.30284798531793056,0.2,0.8
13,25,5,-0.37403522729873656,-0.0004133142996579,-0.37362191299907865,0.37362191299907865,1.0,0.0
13,26,5,-0.02118750810623172,-0.010403322102502008,-0.010784186003729714,0.08580660303123293,0.4,0.6
13,27,5,-0.026526081562042204,-0.005622316990047681,-0.02090376457199452,0.07082617627456782,0.8,0.2
13,28,5,-0.14794763326644894,0.00392159274779266,-0.15186922601424158,0.15223735324107107,0.8,0.2
13,29,5,0.03870059251785276,-0.0067908484488724994,0.04549144096672526,0.09525812268257132,0.2,0.8
13,30,5,0.01516352891921994,0.0074918244499713,0.007671704469248639,0.06575910882093013,0.4,0.6
13,31,5,-0.13751623630523677,0.0006265173666179395,-0.13814275367185472,0.13814275367185472,1.0,0.0
18,0,5,-0.1772135257720947,0.011975225806236198,-0.1891887515783309,0.1891887515783309,1.0,0.0
18,1,5,0.06454735994338985,0.01185280857607721,0.05269455136731264,0.05269455136731264,0.0,1.0
18,2,5,0.02281516194343564,0.0026747751515359,0.020140386791899743,0.1045685451943427,0.2,0.8
18,3,5,-0.020800375938415543,0.00160562270320952,-0.022405998641625062,0.06345195551402862,0.6,0.4
18,4,5,-0.1358618855476379,-0.006985706556588379,-0.12887617899104953,0.1289763193577528,0.8,0.2
18,5,5,-0.12664525508880614,-0.02558794645592567,-0.10105730863288047,0.20151003850623966,0.6,0.4
18,6,5,-0.2854108452796936,-0.04919506926089523,-0.23621577601879834,0.23621577601879834,1.0,0.0
18,7,5,-0.11709965467453001,-0.006363958073779941,-0.11073569660075007,0.16061691618524493,0.8,0.2
18,8,5,-0.014412915706634518,0.009175026323646258,-0.023587942030280775,0.034520321991294546,0.6,0.4
18,9,5,0.00588717460632322,-1.6950303688685e-05,0.0059041249100119046,0.04995836787857114,0.2,0.8
18,10,5,-0.2092332243919372,-0.002580449101515122,-0.20665277529042209,0.20665277529042209,1.0,0.0
18,11,5,-0.200413167476654,-0.008461230900138578,-0.1919519365765154,0.1919519365765154,1.0,0.0
18,12,5,-0.11987634897232055,-0.0028485885355621987,-0.11702776043675836,0.36585237667895854,0.6,0.4
18,13,5,-0.9594699382781983,-0.2657984032761305,-0.6936715350020677,0.6936715350020677,1.0,0.0
18,14,5,-0.5124607801437377,-0.07548687965609129,-0.43697390048764645,0.43697390048764645,1.0,0.0
18,15,5,-0.018714880943298325,-0.015771360462531414,-0.002943520480766898,0.10607197149656708,0.4,0.6
18,16,5,0.02105302810668944,0.006612345948815346,0.01444068215787409,0.025305017456412254,0.2,0.8
18,17,5,-0.09533218145370484,0.0018682727590202998,-0.09720045421272513,0.09720045421272513,1.0,0.0
18,18,5,-0.03755705356597902,0.00457236766815186,-0.04212942123413088,0.043371842429041844,0.4,0.6
18,19,5,-0.0424857974052429,0.00492528723552823,-0.04741108464077113,0.047434435319155435,0.8,0.2
18,20,5,-0.11887066364288332,-0.002532563544809813,-0.11633810009807351,0.11817646529525513,0.6,0.4
18,21,5,-0.14622051715850823,-0.012206282699480632,-0.1340142344590276,0.1340142344590276,1.0,0.0
18,22,5,-0.034668242931366,-0.00035689631476996004,-0.03431134661659603,0.1005769954062998,0.2,0.8
18,23,5,-0.0013659477233886942,0.009939101105555828,-0.011305048828944522,0.07488642218522723,0.4,0.6
18,24,5,-0.05404412150382994,0.00546252862550318,-0.059506650129333115,0.10100769274868067,0.6,0.4
18,25,5,0.11033595800399776,0.02735148887149988,0.08298446913249788,0.09911811728961764,0.2,0.8
18,26,5,0.13603116273880006,0.020000831270590432,0.1160303314682096,0.1160303314682096,0.0,1.0
18,27,5,-0.05853483676910398,0.0018015797715634201,-0.060336416540667404,0.06052297023124988,0.6,0.4
18,28,5,-0.05798875093460086,0.005027149198576807,-0.06301590013317768,0.06558473273180422,0.6,0.4
18,29,5,0.0007334589958190988,0.0015266854781657607,-0.0007932264823466555,0.08381914426572615,0.6,0.4
18,30,5,0.2978430986404419,0.026832757191732483,0.2710103414487094,0.2715393268037587,0.4,0.6
18,31,5,0.2294175922870636,0.01888115582987662,0.21053643645718698,0.21053846133872867,0.2,0.8
23,0,5,0.24207893013954163,-0.0023743980564176997,0.24445332819595927,0.25053900713101024,0.2,0.8
23,1,5,-0.0393463850021362,8.696094155311506e-05,-0.039433345943689316,0.08955643782392135,0.8,0.2
23,2,5,-0.043162310123443605,0.003336526965722455,-0.04649883708916606,0.04792339107953013,0.8,0.2
23,3,5,0.04217989444732664,0.014429781632497885,0.027750112814828753,0.0558318875264376,0.4,0.6
23,4,5,-0.05415469408035278,-0.016956361569464187,-0.037198332510888596,0.08789427671581504,0.6,0.4
23,5,5,-0.25821194648742674,0.005983530310913903,-0.26419547679834066,0.26419547679834066,1.0,0.0
23,6,5,-0.1594474077224731,-0.006620804406702481,-0.15282660331577064,0.15282660331577064,1.0,0.0
23,7,5,-0.1698085904121399,-0.011330396449193359,-0.1584781939629465,0.24171674796380094,0.8,0.2
23,8,5,0.00772773623466492,0.00491725788451728,0.0028104783501476382,0.09602342559956012,0.6,0.4
23,9,5,-0.016519010066986098,0.002119642496109005,-0.018638652563095104,0.052748924493789616,0.4,0.6
23,10,5,-0.05621486902236934,-0.01809424571692942,-0.038120623305439916,0.040506413951516114,0.6,0.4
23,11,5,-0.0913158059120178,-0.00488986256532372,-0.0864259433466941,0.08658247669227416,0.8,0.2
23,12,5,-0.12929910421371457,-0.0363452381454408,-0.09295386606827379,0.09295386606827379,1.0,0.0
23,13,5,-0.08014200925827027,-0.0071000607684254795,-0.07304194848984477,0.13339607100933779,0.6,0.4
23,14,5,0.0548689663410187,0.004054914275184245,0.05081405206583445,0.13894453509710725,0.4,0.6
23,15,5,-0.3481316328048706,-0.021414852049201703,-0.3267167807556689,0.3267167807556689,1.0,0.0
23,16,5,-0.06263769268989558,-0.01563061838969586,-0.047007074300199715,0.0995891370810568,0.6,0.4
23,17,5,-0.08217639923095703,0.01574892729986454,-0.09792532653082157,0.09982173612806941,0.6,0.4
23,18,5,0.09006787538528446,-0.004344666469842177,0.09441254185512664,0.138782646600157,0.4,0.6
23,19,5,-0.17514522075653075,-0.005089081544429036,-0.1700561392121017,0.17005613921210172,1.0,0.0
23,20,5,0.11214312314987182,0.0017909764777869007,0.11035214667208493,0.13399688010104,0.2,0.8
23,21,5,-0.0015071511268615824,-0.00271368790417908,0.0012065367773174938,0.04952333886176342,0.6,0.4
23,22,5,-0.12704411745071406,0.0058772847522050005,-0.1329214022029191,0.14308642004616554,0.8,0.2
23,23,5,-0.11395699977874751,0.013044085353612862,-0.1270010851323604,0.12700108513236036,1.0,0.0
23,24,5,-0.34582769870758057,-0.01234784685075278,-0.33347985185682777,0.3334798518568277,1.0,0.0
23,25,5,-0.0370244026184082,-0.00554393082857132,-0.03148047178983688,0.08151119798421855,0.4,0.6
23,26,5,0.010015392303466753,0.011917124083265621,-0.0019017317797988653,0.13666125149466093,0.2,0.8
23,27,5,-0.01389839649200438,0.00828503225930034,-0.022183428751304718,0.06058453773148357,0.8,0.2
23,28,5,-0.12180893421173093,0.025698903575539576,-0.14750783778727053,0.221369943395257,0.8,0.2
23,29,5,-0.2210140585899353,0.0120469615329057,-0.233061020122841,0.233061020122841,1.0,0.0
23,30,5,-0.13488224744796753,-0.032113544503226885,-0.10276870294474064,0.18265857263468202,0.8,0.2
23,31,5,-0.18397365808486937,-0.0003733781632036042,-0.18360027992166578,0.18360027992166575,1.0,0.0
28,0,5,0.017411673069000218,0.0053093098569661,0.012102363212034114,0.10032077911309896,0.4,0.6
28,1,5,-0.10617473125457759,-0.006258956436067766,-0.09991577481850983,0.09992757895961403,0.8,0.2
28,2,5,-0.08753482103347772,0.00338945486582816,-0.09092427589930588,0.09219232001341875,0.8,0.2
28,3,5,-0.07042170763015748,0.002497398620471332,-0.07291910625062882,0.07475196546874938,0.6,0.4
28,4,5,0.14383294284343712,0.025122641073539797,0.11871030176989734,0.13676818157546222,0.2,0.8
28,5,5,0.12812592983245846,0.02927130544558168,0.09885462438687678,0.15925727402791373,0.2,0.8
28,6,5,-0.048635768890380814,0.005059490911662577,-0.05369525980204339,0.053741507790982676,0.8,0.2
28,7,5,-0.011294686794281004,-1.6817543655632148e-05,-0.011277869250625374,0.08937169676646586,0.6,0.4
28,8,5,-0.009318411350250237,0.0091004769783467,-0.01841888832859694,0.08169326889328657,0.6,0.4
28,9,5,-0.0579650282859802,0.00363602493889634,-0.06160105322487654,0.10823151026852425,0.8,0.2
28,10,5,-0.21684552431106563,-0.02079082680866122,-0.1960546975024044,0.1960546975024044,1.0,0.0
28,11,5,-0.39660428762435906,-0.027365571865811893,-0.36923871575854716,0.36923871575854716,1.0,0.0
28,12,5,-0.02770643234252924,-0.01843743706122036,-0.009268995281308881,0.03281035060063004,0.4,0.6
28,13,5,-0.05666933059692379,-0.00017632395029066,-0.056493006646633134,0.1012422934174537,0.8,0.2
28,14,5,0.07482872009277339,0.010540076717734295,0.06428864337503908,0.06428864337503909,0.0,1.0
28,15,5,-0.01929076910018924,-0.01034287652000784,-0.008947892580181398,0.12074648709967732,0.4,0.6
28,16,5,0.2845505118370056,0.01220780382864178,0.2723427080083638,0.2723427080083638,0.0,1.0
28,17,5,-0.15633465051650997,-0.00454355366528034,-0.15179109685122963,0.1517910968512296,1.0,0.0
28,18,5,1.1790954411029815,-0.1345568181481212,1.3136522592511028,1.3136522592511028,0.0,1.0
28,19,5,0.5743043184280395,0.04120163079351184,0.5331026876345277,0.5331026876345277,0.0,1.0
28,20,5,0.014716696739196764,-0.00017971335910259037,0.014896410098299354,0.06445941007696088,0.2,0.8
28,21,5,-0.0734906196594238,0.00763707556761804,-0.08112769522704184,0.16168324151076377,0.8,0.2
28,22,5,0.08690410256385803,0.007997816614806641,0.07890628594905139,0.08051707651466126,0.2,0.8
28,23,5,-0.1452048420906067,0.00964593305252492,-0.1548507751431316,0.18927051923237737,0.6,0.4
28,24,5,-0.027208447456359836,-0.00920376945286984,-0.018004678003489993,0.08159199086949225,0.4,0.6
28,25,5,-0.0597917556762695,0.0116559747373685,-0.071447730413638,0.10394912955816829,0.8,0.2
28,26,5,0.03717548251152034,0.01697778031229966,0.02019770219922068,0.02337006703019144,0.2,0.8
28,27,5,0.021479177474975582,0.005640298034995774,0.01583887943997981,0.09745375057682394,0.6,0.4
28,28,5,-0.2133052945137024,-0.007677659671753578,-0.2056276348419488,0.2056276348419488,1.0,0.0
28,29,5,-0.013753843307495118,0.007701097894459943,-0.021454941201955062,0.028129803761839857,0.4,0.6
28,30,5,-0.05069541931152338,0.0017344959545880594,-0.05242991526611144,0.052429915266111446,1.0,0.0
28,31,5,0.14323461055755612,-0.010786665324121671,0.15402127588167783,0.1547082961536943,0.2,0.8
33,0,5,-0.13423135280609128,0.000530654378235333,-0.1347620071843266,0.13476797109469768,0.8,0.2
33,1,5,-0.913109540939331,-0.0628848338499665,-0.8502247070893645,0.8502247070893645,1.0,0.0
33,2,5,-0.0589977860450744,-0.0029118828941136618,-0.056085903150960736,0.05608590315096075,1.0,0.0
33,3,5,-0.00015480518341063953,0.009459539456292968,-0.009614344639703606,0.09115754100494086,0.6,0.4
33,4,5,-0.0378951072692871,0.0036894774995744305,-0.04158458476886153,0.05230318075045941,0.8,0.2
33,5,5,0.11827425956726072,-0.008345800265669806,0.1266200598329305,0.21033395268023009,0.4,0.6
33,6,5,-0.07319365739822385,0.010716462880372968,-0.08391012027859683,0.1062510799616575,0.6,0.4
33,7,5,0.012540090084075944,-0.05050695571117101,0.06304704579524696,0.30982429315336046,0.4,0.6
33,8,5,0.026053214073181157,0.0013283025473356488,0.024724911525845515,0.02495747208595269,0.4,0.6
33,9,5,0.021740031242370637,0.0020440850872547,0.01969594615511594,0.0308306945022195,0.4,0.6
33,10,5,-0.07046808004379271,0.004776922380551702,-0.0752450024243444,0.10436214557848869,0.8,0.2
33,11,5,-0.01659463644027708,0.016973748896270967,-0.033568385336548046,0.06467587659135457,0.8,0.2
33,12,5,-0.030779051780700683,0.004855331638827901,-0.035634383419528584,0.06894431724213057,0.6,0.4
33,13,5,0.00108101367950442,0.004037368996068861,-0.0029563553165644378,0.093349990947172,0.8,0.2
33,14,5,-0.0456219792366028,0.00302661303430798,-0.04864859227091078,0.04894030652940269,0.6,0.4
33,15,5,-0.0245660901069641,-0.0061300011351704525,-0.01843608897179365,0.031512322183698364,0.4,0.6
33,16,5,-0.04967139959335326,0.005089263478294,-0.054760663071647266,0.06578007177449757,0.8,0.2
33,17,5,-0.0748183488845825,-0.00254898499697448,-0.07226936388760802,0.0724563723430037,0.8,0.2
33,18,5,-0.014534544944763162,0.00901350467465822,-0.02354804961942138,0.026077691605314625,0.4,0.6
33,19,5,-0.031949627399444555,0.013530283747240874,-0.04547991114668543,0.07656187820248299,0.8,0.2
33,20,5,0.020511984825134284,0.006893228646367799,0.01361875617876648,0.075940291583538,0.6,0.4
33,21,5,-0.14299470186233518,0.004710506927222037,-0.14770520878955723,0.14770520878955723,1.0,0.0
33,22,5,0.03777976036071774,0.01194469477050004,0.025835065590217705,0.07561260913498698,0.2,0.8
33,23,5,-0.11222989559173582,-0.0036766376812010586,-0.10855325791053476,0.1086691212374717,0.8,0.2
33,24,5,-0.07077891826629637,-0.0004527179058640824,-0.07032620036043227,0.07079682019539171,0.6,0.4
33,25,5,0.01797688007354738,-0.0004043112508952351,0.01838119132444262,0.05298824524506923,0.4,0.6
33,26,5,-0.048214960098266604,0.0039968870580196336,-0.05221184715628624,0.05230268742889164,0.8,0.2
33,27,5,0.0028983712196350127,0.009714202955365174,-0.006815831735730166,0.042872925382107484,0.2,0.8
33,28,5,0.08885733485221861,-0.0067810143809765204,0.09563834923319511,0.13792110639624294,0.2,0.8
33,29,5,-0.02779122591018678,0.0105238908436149,-0.038315116753801684,0.03993787714280188,0.4,0.6
33,30,5,-0.10296217203140254,0.010336851328611354,-0.11329902336001389,0.11329902336001389,1.0,0.0
33,31,5,-0.04705348014831544,0.0075696237385272595,-0.054623103886842696,0.05469597605988378,0.8,0.2
38,0,5,-0.024879717826843235,0.002912844484671925,-0.02779256231151516,0.033230794547125624,0.6,0.4
38,1,5,-0.02460652589797973,0.005691737914457883,-0.030298263812437616,0.03031589169986542,0.6,0.4
38,2,5,-0.04692852497100829,0.003120369464158995,-0.05004889443516728,0.05004889443516728,1.0,0.0
38,3,5,-0.08645648956298824,0.00010607573203742063,-0.08656256529502566,0.10823511215858157,0.8,0.2
38,4,5,-0.046411931514739976,0.005539629096165269,-0.051951560610905244,0.0519630487542599,0.8,0.2
38,5,5,-0.02223757505416871,0.0020144067704677424,-0.024251981824636455,0.024275589361786837,0.8,0.2
38,6,5,-0.046687865257263164,-0.002429600758478051,-0.04425826449878511,0.04506693263538179,0.8,0.2
38,7,5,0.013983082771301239,0.00322928023524583,0.01075380253605541,0.05040509621612725,0.4,0.6
38,8,5,-0.06398937702178951,0.0051918039098382005,-0.06918118093162771,0.06918948572129008,0.8,0.2
38,9,5,-0.024962663650512685,0.004837601585313669,-0.029800265235826358,0.030397728411480758,0.4,0.6
38,10,5,-0.0109283804893494,-4.700394347313643e-05,-0.010881376545876262,0.03329134853556754,0.2,0.8
38,11,5,-0.01717735528945922,0.0054975199047476,-0.02267487519420682,0.022816296061500863,0.6,0.4
38,12,5,-0.04737197160720824,0.004803056735545387,-0.05217502834275363,0.05217574592679737,0.8,0.2
38,13,5,-0.05378998517990112,0.005008213361725206,-0.05879819854162632,0.0698352773208171,0.6,0.4
38,14,5,-0.01437020301818846,0.0029509380925446665,-0.017321141110733126,0.03295322670601307,0.4,0.6
38,15,5,-0.041413354873657215,0.005407725227996703,-0.04682108010165392,0.047962293913587896,0.6,0.4
38,16,5,-0.21736990213394164,0.00847917462233452,-0.22584907675627613,0.22683063300792122,0.8,0.2
38,17,5,-0.20773046016693114,0.0118695315439254,-0.21959999171085656,0.22087280270643522,0.8,0.2
38,18,5,-0.04600626230239868,0.0027273868676275063,-0.04873364917002619,0.049602400558069304,0.6,0.4
38,19,5,-0.049632418155670155,0.002636545244604339,-0.052268963400274496,0.05780878597870467,0.6,0.4
38,20,5,-0.03601056337356566,0.0029324910137802,-0.03894305438734586,0.0498207053635269,0.8,0.2
38,21,5,-0.04630751609802248,0.005368347978219377,-0.05167586407624185,0.05191240184940393,0.6,0.4
38,22,5,-0.01410197019577028,0.0050980894360691306,-0.019200059631839413,0.030782268056645967,0.4,0.6
38,23,5,-0.07500202655792229,-0.0004914791323244517,-0.07451054742559785,0.0750056563876569,0.8,0.2
38,24,5,-0.04662163257598876,-0.000291470251977413,-0.04633016232401135,0.04690194400027387,0.6,0.4
38,25,5,-0.047180783748626706,0.005081484094262144,-0.05226226784288886,0.0523405929096043,0.8,0.2
38,26,5,0.0004849433898925476,-3.4650973975639176e-05,0.0005195943638681893,0.050081621017306975,0.2,0.8
38,27,5,-0.03770081996917722,-0.003738393587991588,-0.033962426381185636,0.05476616402156646,0.8,0.2
38,28,5,-0.09689402580261229,-0.002938373293727635,-0.09395565250888466,0.09417728642001746,0.8,0.2
38,29,5,-0.035857367515563975,0.007614987948909383,-0.04347235546447335,0.04470830359496172,0.6,0.4
38,30,5,-0.072917628288269,0.0042853794991969925,-0.077203007787466,0.077203007787466,1.0,0.0
38,31,5,-0.04749960899353026,0.0021228931844234364,-0.04962250217795369,0.04963404247537252,0.8,0.2
