alpha,feature,ridge_coef_standardized,abs_coef,scaler_mean,scaler_scale
0.0,geom_up_distance_mass,-1.820573857963023,1.820573857963023,0.057874787567668846,0.12006049598759855
0.0,geom_p_up1,1.1788862868661614,1.1788862868661614,0.055403704178660945,0.11240925085721881
0.0,geom_down_distance_mass,-0.9929441060893665,0.9929441060893665,0.04104092657475086,0.09632090971138188
0.0,geom_signed_distance_mass,-0.7711809358974412,0.7711809358974412,0.016833860992917976,0.159414885732714
0.0,geom_expected_minus_pred,-0.7711809358490697,0.7711809358490697,0.016833860992917882,0.15941488573271406
0.0,geom_local_asymmetry,0.5411871938208404,0.5411871938208404,0.018388733864148705,0.15378152644045082
0.0,geom_up_boundary_gap,-0.5366050870559864,0.5366050870559864,0.850140349799551,0.23716932901579027
0.0,geom_p_down1,0.5289719411180366,0.5289719411180366,0.03701497031451224,0.09318666597285259
0.0,geom_p_up2,0.4959691435282567,0.4959691435282567,0.0011660318917660227,0.011531309036386122
0.0,geom_signed_tail_mass,0.4104452439426217,0.4104452439426217,0.01876356953326998,0.15624521333330574
0.0,geom_down_mass,-0.3695806070186524,0.3695806070186524,0.03784618824425898,0.09386526146666196
0.0,baseline_numprob_12,0.32768958866270603,0.32768958866270603,0.0003174033077843838,0.0064031975823155
0.0,geom_up_mass,0.2545497267257716,0.2545497267257716,0.05660975777752894,0.11565254758752253
0.0,geom_down_boundary_gap,-0.21044931035549372,0.21044931035549372,0.8685290836636997,0.2092745069726338
0.0,baseline_numprob_13,-0.18607804510478954,0.18607804510478954,9.62823837967822e-06,0.00019160570210330127
0.0,baseline_numprob_11,-0.1639475033079085,0.1639475033079085,0.0020221712144012144,0.027567573241399832
0.0,geom_top2_prob,0.14887644240007236,0.14887644240007236,0.08780630224118986,0.13308938848409105
0.0,baseline_entropy,-0.0842983790716672,0.0842983790716672,0.22846410464676906,0.2766222223828705
0.0,baseline_entropy_norm,-0.08429837906305956,0.08429837906305956,0.08240100769875769,0.09977037710786282
0.0,baseline_conditional_margin,-0.053243152875316314,0.053243152875316314,0.8177377517370221,0.2735078215133602
0.0,baseline_best_numeral,0.04921387165910793,0.04921387165910793,4.888,2.3574257146302617
0.0,geom_up_down_logratio,0.041067793682450254,0.041067793682450254,0.7816250345194553,4.440435566835954
0.0,baseline_top1_prob,0.03717074697817525,0.03717074697817525,0.905544053978212,0.14127926761491846
0.0,baseline_numprob_14,0.02870416367450051,0.02870416367450051,5.361677067666297e-07,5.580397329298716e-06
0.0,baseline_numprob_10,0.027421986925778685,0.027421986925778685,0.006142299644453246,0.0470889954046335
0.0,baseline_numprob_4,-0.025133956841959265,0.025133956841959265,0.1139122509696662,0.2994796511034993
0.0,baseline_vocab_numeral_mass,-0.021768764025490637,0.021768764025490637,0.984386313020344,0.0229913814593945
0.0,baseline_numprob_1,0.017760201402717675,0.017760201402717675,0.10178598403062854,0.3009663347630182
0.0,baseline_numprob_3,-0.016060740144476733,0.016060740144476733,0.10366602267515808,0.29355948343075805
0.0,baseline_numprob_8,0.015188748919546217,0.015188748919546217,0.11129707669575009,0.26888012058647554
0.0,baseline_numprob_6,0.011918094686658767,0.011918094686658767,0.16873449958181733,0.3424674661932947
0.0,baseline_numprob_9,-0.009475062176728409,0.009475062176728409,0.03173724984045591,0.12800425066828716
0.0,baseline_numprob_15,-0.007527690110482668,0.007527690110482668,5.092615811533367e-07,6.972043028902016e-07
0.0,baseline_numprob_2,0.007133997748921103,0.007133997748921103,0.1118264805340267,0.31168846703835984
0.0,baseline_expected_numeral,-0.0029318840242899755,0.0029318840242899755,4.904833860992918,2.3601459748913887
0.0,baseline_numprob_0,0.0027280026526084467,0.0027280026526084467,4.1636746722537664e-05,0.0004672236943500778
0.0,baseline_numprob_5,-0.002166843175164888,0.002166843175164888,0.10141540256904716,0.2740415051097269
0.0,geom_p_down2,0.002058144528093314,0.002058144528093314,0.000131970537109326,0.0010022088966305186
0.0,baseline_numprob_7,-0.0016676550921227652,0.0016676550921227652,0.14709084852242094,0.3126855141585288
1.5,geom_up_distance_mass,4.7499894809138254,4.7499894809138254,0.057874787567668846,0.12006049598759855
1.5,geom_p_up1,-3.240971661868426,3.240971661868426,0.055403704178660945,0.11240925085721881
1.5,geom_down_distance_mass,2.291110064057895,2.291110064057895,0.04104092657475086,0.09632090971138188
1.5,geom_signed_distance_mass,2.193046689366054,2.193046689366054,0.016833860992917976,0.159414885732714
1.5,geom_expected_minus_pred,2.1930466892626277,2.1930466892626277,0.016833860992917882,0.15941488573271406
1.5,geom_p_down1,-2.1563277615479204,2.1563277615479204,0.03701497031451224,0.09318666597285259
1.5,geom_signed_tail_mass,-1.7566725019971612,1.7566725019971612,0.01876356953326998,0.15624521333330574
1.5,geom_down_mass,1.737314123317001,1.737314123317001,0.03784618824425898,0.09386526146666196
1.5,geom_p_up2,-1.3189606215688103,1.3189606215688103,0.0011660318917660227,0.011531309036386122
1.5,geom_up_boundary_gap,1.3182142009325593,1.3182142009325593,0.850140349799551,0.23716932901579027
1.5,geom_local_asymmetry,-1.0623785929860068,1.0623785929860068,0.018388733864148705,0.15378152644045082
1.5,geom_up_mass,-0.9632146259761122,0.9632146259761122,0.05660975777752894,0.11565254758752253
1.5,geom_down_boundary_gap,0.7132535059102241,0.7132535059102241,0.8685290836636997,0.2092745069726338
1.5,baseline_numprob_12,0.6861798821043807,0.6861798821043807,0.0003174033077843838,0.0064031975823155
1.5,baseline_top1_prob,-0.3657664701636406,0.3657664701636406,0.905544053978212,0.14127926761491846
1.5,baseline_numprob_13,-0.35496526405873,0.35496526405873,9.62823837967822e-06,0.00019160570210330127
1.5,baseline_numprob_11,-0.27758415520211793,0.27758415520211793,0.0020221712144012144,0.027567573241399832
1.5,baseline_conditional_margin,-0.1557542659211425,0.1557542659211425,0.8177377517370221,0.2735078215133602
1.5,baseline_numprob_14,-0.1491051413775455,0.1491051413775455,5.361677067666297e-07,5.580397329298716e-06
1.5,baseline_numprob_10,0.13283566347673165,0.13283566347673165,0.006142299644453246,0.0470889954046335
1.5,baseline_best_numeral,-0.10839332496344221,0.10839332496344221,4.888,2.3574257146302617
1.5,geom_top2_prob,-0.06818882562849449,0.06818882562849449,0.08780630224118986,0.13308938848409105
1.5,baseline_vocab_numeral_mass,0.04528529147076026,0.04528529147076026,0.984386313020344,0.0229913814593945
1.5,baseline_numprob_15,0.0432768071078211,0.0432768071078211,5.092615811533367e-07,6.972043028902016e-07
1.5,baseline_expected_numeral,0.039859854889476014,0.039859854889476014,4.904833860992918,2.3601459748913887
1.5,geom_p_down2,-0.031571409748504496,0.031571409748504496,0.000131970537109326,0.0010022088966305186
1.5,baseline_numprob_9,0.027895819608597338,0.027895819608597338,0.03173724984045591,0.12800425066828716
1.5,geom_up_down_logratio,0.027373120566294318,0.027373120566294318,0.7816250345194553,4.440435566835954
1.5,baseline_entropy_norm,-0.02508068203989466,0.02508068203989466,0.08240100769875769,0.09977037710786282
1.5,baseline_entropy,-0.025080682027252953,0.025080682027252953,0.22846410464676906,0.2766222223828705
1.5,baseline_numprob_1,-0.023391574243601814,0.023391574243601814,0.10178598403062854,0.3009663347630182
1.5,baseline_numprob_7,0.01796128121416466,0.01796128121416466,0.14709084852242094,0.3126855141585288
1.5,baseline_numprob_8,0.017462354806068593,0.017462354806068593,0.11129707669575009,0.26888012058647554
1.5,baseline_numprob_5,-0.011600808077000408,0.011600808077000408,0.10141540256904716,0.2740415051097269
1.5,baseline_numprob_2,-0.009143182483767888,0.009143182483767888,0.1118264805340267,0.31168846703835984
1.5,baseline_numprob_4,-0.008842533805551835,0.008842533805551835,0.1139122509696662,0.2994796511034993
1.5,baseline_numprob_0,0.006085496887446692,0.006085496887446692,4.1636746722537664e-05,0.0004672236943500778
1.5,baseline_numprob_6,-0.002557843780277216,0.002557843780277216,0.16873449958181733,0.3424674661932947
1.5,baseline_numprob_3,-0.0007484163806146691,0.0007484163806146691,0.10366602267515808,0.29355948343075805
2.0,geom_p_down1,-3.554022348568344,3.554022348568344,0.03701497031451224,0.09318666597285259
2.0,geom_down_mass,3.1402135958104895,3.1402135958104895,0.03784618824425898,0.09386526146666196
2.0,geom_signed_tail_mass,-2.5482699926279864,2.5482699926279864,0.01876356953326998,0.15624521333330574
2.0,geom_local_asymmetry,1.4885070775227067,1.4885070775227067,0.018388733864148705,0.15378152644045082
2.0,baseline_top1_prob,-1.354472988903159,1.354472988903159,0.905544053978212,0.14127926761491846
2.0,geom_p_up1,-0.9099126822784362,0.9099126822784362,0.055403704178660945,0.11240925085721881
2.0,geom_up_mass,-0.8940401272218852,0.8940401272218852,0.05660975777752894,0.11565254758752253
2.0,baseline_numprob_12,0.7497688173258045,0.7497688173258045,0.0003174033077843838,0.0064031975823155
2.0,geom_down_boundary_gap,0.6681585043233941,0.6681585043233941,0.8685290836636997,0.2092745069726338
2.0,baseline_conditional_margin,-0.6303017060281081,0.6303017060281081,0.8177377517370221,0.2735078215133602
2.0,geom_expected_minus_pred,0.5024731384933667,0.5024731384933667,0.016833860992917882,0.15941488573271406
2.0,geom_signed_distance_mass,0.5024731384580589,0.5024731384580589,0.016833860992917976,0.159414885732714
2.0,baseline_numprob_13,-0.4056961921457634,0.4056961921457634,9.62823837967822e-06,0.00019160570210330127
2.0,geom_up_distance_mass,0.40105335407889386,0.40105335407889386,0.057874787567668846,0.12006049598759855
2.0,geom_up_boundary_gap,-0.37558123255885045,0.37558123255885045,0.850140349799551,0.23716932901579027
2.0,geom_down_distance_mass,-0.33171440579483213,0.33171440579483213,0.04104092657475086,0.09632090971138188
2.0,baseline_numprob_11,-0.2198734963486575,0.2198734963486575,0.0020221712144012144,0.027567573241399832
2.0,baseline_numprob_14,-0.2048867450212109,0.2048867450212109,5.361677067666297e-07,5.580397329298716e-06
2.0,geom_top2_prob,-0.14250952387952753,0.14250952387952753,0.08780630224118986,0.13308938848409105
2.0,geom_p_up2,-0.11042492544097232,0.11042492544097232,0.0011660318917660227,0.011531309036386122
2.0,baseline_numprob_10,0.08883603056048789,0.08883603056048789,0.006142299644453246,0.0470889954046335
2.0,baseline_numprob_15,0.07512040448793378,0.07512040448793378,5.092615811533367e-07,6.972043028902016e-07
2.0,geom_up_down_logratio,0.06647768169600721,0.06647768169600721,0.7816250345194553,4.440435566835954
2.0,geom_p_down2,-0.05131632379887007,0.05131632379887007,0.000131970537109326,0.0010022088966305186
2.0,baseline_numprob_9,0.034604114907475655,0.034604114907475655,0.03173724984045591,0.12800425066828716
2.0,baseline_vocab_numeral_mass,0.03367548252829083,0.03367548252829083,0.984386313020344,0.0229913814593945
2.0,baseline_best_numeral,-0.03196421774103921,0.03196421774103921,4.888,2.3574257146302617
2.0,baseline_numprob_5,-0.024984183662223526,0.024984183662223526,0.10141540256904716,0.2740415051097269
2.0,baseline_numprob_6,-0.022118415365122334,0.022118415365122334,0.16873449958181733,0.3424674661932947
2.0,baseline_numprob_2,0.01785540460622761,0.01785540460622761,0.1118264805340267,0.31168846703835984
2.0,baseline_entropy,-0.016795223877309886,0.016795223877309886,0.22846410464676906,0.2766222223828705
2.0,baseline_entropy_norm,-0.01679522383659727,0.01679522383659727,0.08240100769875769,0.09977037710786282
2.0,baseline_numprob_8,0.00907760511917788,0.00907760511917788,0.11129707669575009,0.26888012058647554
2.0,baseline_numprob_0,0.008272838610179417,0.008272838610179417,4.1636746722537664e-05,0.0004672236943500778
2.0,baseline_numprob_7,-0.008185071964239204,0.008185071964239204,0.14709084852242094,0.3126855141585288
2.0,baseline_numprob_3,0.007256626095666136,0.007256626095666136,0.10366602267515808,0.29355948343075805
2.0,baseline_numprob_4,-0.006540101960278926,0.006540101960278926,0.1139122509696662,0.2994796511034993
2.0,baseline_numprob_1,0.005070023047220411,0.005070023047220411,0.10178598403062854,0.3009663347630182
2.0,baseline_expected_numeral,0.0020119219391514934,0.0020119219391514934,4.904833860992918,2.3601459748913887
4.0,geom_p_down1,-2.456016184836945,2.456016184836945,0.03701497031451224,0.09318666597285259
4.0,geom_down_mass,1.943695468829561,1.943695468829561,0.03784618824425898,0.09386526146666196
4.0,geom_signed_tail_mass,-1.7192478542712641,1.7192478542712641,0.01876356953326998,0.15624521333330574
4.0,geom_local_asymmetry,0.9746753926506098,0.9746753926506098,0.018388733864148705,0.15378152644045082
4.0,geom_up_mass,-0.7451523217038468,0.7451523217038468,0.05660975777752894,0.11565254758752253
4.0,geom_p_up1,-0.7026191312164077,0.7026191312164077,0.055403704178660945,0.11240925085721881
4.0,baseline_top1_prob,-0.6813931065241745,0.6813931065241745,0.905544053978212,0.14127926761491846
4.0,geom_down_boundary_gap,0.6336234771452224,0.6336234771452224,0.8685290836636997,0.2092745069726338
4.0,baseline_numprob_12,0.5724057731663537,0.5724057731663537,0.0003174033077843838,0.0064031975823155
4.0,baseline_conditional_margin,-0.5001914620767879,0.5001914620767879,0.8177377517370221,0.2735078215133602
4.0,geom_up_distance_mass,0.4356290447741165,0.4356290447741165,0.057874787567668846,0.12006049598759855
4.0,geom_expected_minus_pred,0.3275380778208559,0.3275380778208559,0.016833860992917882,0.15941488573271406
4.0,geom_signed_distance_mass,0.3275380778064166,0.3275380778064166,0.016833860992917976,0.159414885732714
4.0,geom_top2_prob,0.3046039847909199,0.3046039847909199,0.08780630224118986,0.13308938848409105
4.0,baseline_numprob_14,-0.22271653045804074,0.22271653045804074,5.361677067666297e-07,5.580397329298716e-06
4.0,baseline_numprob_13,-0.2154072194579866,0.2154072194579866,9.62823837967822e-06,0.00019160570210330127
4.0,baseline_numprob_11,-0.2096327912414547,0.2096327912414547,0.0020221712144012144,0.027567573241399832
4.0,geom_up_down_logratio,0.18453534072639557,0.18453534072639557,0.7816250345194553,4.440435566835954
4.0,baseline_numprob_15,0.11769428903946781,0.11769428903946781,5.092615811533367e-07,6.972043028902016e-07
4.0,baseline_vocab_numeral_mass,0.10486142588405463,0.10486142588405463,0.984386313020344,0.0229913814593945
4.0,baseline_numprob_10,0.09942001573585732,0.09942001573585732,0.006142299644453246,0.0470889954046335
4.0,baseline_entropy_norm,0.0800425549250657,0.0800425549250657,0.08240100769875769,0.09977037710786282
4.0,baseline_entropy,0.08004255489834944,0.08004255489834944,0.22846410464676906,0.2766222223828705
4.0,geom_up_boundary_gap,-0.07288391353157704,0.07288391353157704,0.850140349799551,0.23716932901579027
4.0,geom_p_down2,-0.06354109196241561,0.06354109196241561,0.000131970537109326,0.0010022088966305186
4.0,geom_p_up2,-0.05836221751492396,0.05836221751492396,0.0011660318917660227,0.011531309036386122
4.0,baseline_best_numeral,-0.045457470602315996,0.045457470602315996,4.888,2.3574257146302617
4.0,baseline_numprob_9,-0.03133516109920777,0.03133516109920777,0.03173724984045591,0.12800425066828716
4.0,baseline_numprob_5,-0.02884503725005912,0.02884503725005912,0.10141540256904716,0.2740415051097269
4.0,baseline_numprob_2,0.0281830407478005,0.0281830407478005,0.1118264805340267,0.31168846703835984
4.0,baseline_expected_numeral,-0.02328168055029277,0.02328168055029277,4.904833860992918,2.3601459748913887
4.0,baseline_numprob_0,0.022525489105915848,0.022525489105915848,4.1636746722537664e-05,0.0004672236943500778
4.0,baseline_numprob_1,0.014646153113371968,0.014646153113371968,0.10178598403062854,0.3009663347630182
4.0,baseline_numprob_6,-0.013732711108123664,0.013732711108123664,0.16873449958181733,0.3424674661932947
4.0,baseline_numprob_4,0.004982055481201538,0.004982055481201538,0.1139122509696662,0.2994796511034993
4.0,baseline_numprob_8,-0.0024678422449744396,0.0024678422449744396,0.11129707669575009,0.26888012058647554
4.0,geom_down_distance_mass,0.000907320556437623,0.000907320556437623,0.04104092657475086,0.09632090971138188
4.0,baseline_numprob_3,0.0007277853654572725,0.0007277853654572725,0.10366602267515808,0.29355948343075805
4.0,baseline_numprob_7,-0.0004845365457775104,0.0004845365457775104,0.14709084852242094,0.3126855141585288
