feature_index,feature,train_mean,train_scale,raw_min,raw_q001,raw_q01,raw_q05,raw_median,raw_q95,raw_q99,raw_q999,raw_max,z_min,z_q001,z_q01,z_q05,z_median,z_q95,z_q99,z_q999,z_max,abs_z_max
0,baseline_best_numeral,4.888,2.3574257146302617,1.0,1.0,1.0,1.0,5.0,8.0,9.0,10.000999999999976,11.0,-1.6492566344173407,-1.6492566344173407,-1.6492566344173407,-1.6492566344173407,0.04750945037416213,1.3200840139677894,1.744275535165665,2.1688912478847286,2.5926585775614166,2.5926585775614166
1,baseline_entropy,0.22846410464676906,0.2766222223828705,8.801214955062501e-05,9.038783585965492e-05,0.00012264764247162,0.00019862152567509,0.07248850563176434,0.7313584409856195,0.962928727479688,1.1290431175987543,1.1377567378815496,-0.8255883801740448,-0.825579791976435,-0.8254631715316493,-0.825188523014444,-0.5638578045950343,1.8179824166216072,2.655117931256993,3.2556278566278793,3.287127929932673,3.287127929932673
2,baseline_entropy_norm,0.08240100769875769,0.09977037710786282,3.174367292366613e-05,3.2600520637852444e-05,4.423578639265347e-05,7.163757252634676e-05,0.0261447018990995,0.26378179898055926,0.3473031249661165,0.4072162266773844,0.410359000869929,-0.8255883801740443,-0.8255797919764348,-0.8254631715316486,-0.8251885230144432,-0.5638578045950342,1.8179824166216074,2.655117931256993,3.2556278566278793,3.2871279299326734,3.2871279299326734
3,baseline_expected_numeral,4.904833860992918,2.3601459748913887,0.9891383672148536,0.9904333711299507,0.9999821619511698,1.0000037605671337,5.004378679419046,8.260757704859587,9.21252705812405,10.494105135938309,10.9512151820805,-1.6590903848471745,-1.6585416883136237,-1.6544958407589365,-1.6544866893690675,0.04217739897664974,1.4219136780389634,1.825180833286961,2.368188804594005,2.5618675223534972,2.5618675223534972
4,baseline_top1_prob,0.905544053978212,0.14127926761491846,0.3311375591246237,0.4412275167332927,0.49929645098490716,0.5835348314549916,0.9870894356587259,0.9999849899625253,0.9999914169412926,0.9999937424719161,0.9999939536282466,-4.065752212272464,-3.286515743488251,-2.8754934099786267,-2.279239041647026,0.5771928398070416,0.6684698864785219,0.6685153777871605,0.6685318383100861,0.6685333329124725,4.065752212272464
5,baseline_conditional_margin,0.8177377517370221,0.2735078215133602,0.0,0.0,0.0,0.18493815704077954,0.9748701485096674,0.9999745482132307,0.9999867591963281,0.9999904541190515,0.9999910513253863,-2.9898148696894853,-2.9898148696894853,-2.9898148696894853,-2.3136435045801123,0.5745078729493289,0.666294643670023,0.6663392894978086,0.6663527988837672,0.6663549823911035,2.9898148696894853
6,baseline_vocab_numeral_mass,0.984386313020344,0.0229913814593945,0.808021939023007,0.8465165939330656,0.8904389800333367,0.9364488727050702,0.9937704193699375,0.9994246255992699,0.9997112544982746,0.9997907953268235,0.9997935571477172,-7.670890690444909,-5.99658264688325,-4.0861978282135585,-2.085017831570363,0.4081575683552102,0.654084775440112,0.666551573031672,0.6700111663009756,0.6701312904831004,7.670890690444909
7,baseline_numprob_0,4.1636746722537664e-05,0.0004672236943500778,5.657419486504376e-08,6.022381677118306e-08,1.055632957076938e-07,2.6994971624304497e-07,7.88585873725557e-06,7.662710563163134e-05,0.00017771968817640476,0.009709459875527592,0.0109866587397069,-0.08899414355582264,-0.08898633226125373,-0.0888892920651233,-0.08853745541273773,-0.07223710696485672,0.07488994957279792,0.2912586478371191,20.69206516217737,23.425656971890554,23.425656971890554
8,baseline_numprob_1,0.10178598403062854,0.3009663347630182,2.5609371924977845e-06,2.710105001735656e-06,3.088311192390631e-06,7.863049783187283e-06,0.00029516691561619996,0.9999849899625253,0.9999914169412926,0.9999937424719161,0.9999939536282466,-0.3381887318845166,-0.3381882362549661,-0.33818697961544536,-0.3381711149221582,-0.33721651026160954,2.9843836409116697,2.9844049953889815,2.9844127222685524,2.98441342386307,2.98441342386307
9,baseline_numprob_2,0.1118264805340267,0.31168846703835984,2.3670276954995402e-07,2.3721510664497452e-07,3.249906562956756e-07,6.049749267916633e-07,6.527046599765071e-06,0.9999514934224004,0.9999735884645083,0.9999810174710962,0.9999824433748156,-0.3587756868061935,-0.3587756851624461,-0.3587754035493647,-0.35877450526694454,-0.35875550529646366,2.84939966283408,2.8494705510588445,2.8494943857764343,2.849498960548587,2.849498960548587
10,baseline_numprob_3,0.10366602267515808,0.29355948343075805,1.4356748697094102e-07,1.627184453185286e-07,2.508628932340851e-07,3.9597876319570626e-07,6.795754492374353e-06,0.9996336555790576,0.9998628518673028,0.999916330252662,0.999928391638938,-0.3531341515394198,-0.3531340863023574,-0.3531337860414123,-0.3531332917093326,-0.3531114910996082,3.0520820599387366,3.052862808990229,3.0530449812189517,3.0530860679048084,3.0530860679048084
11,baseline_numprob_4,0.1139122509696662,0.2994796511034993,2.343674798229826e-08,2.8274714374746422e-08,4.374327192693831e-08,1.715692204314615e-07,2.865454304080204e-06,0.9974190842482975,0.9994636355948914,0.9996756980009401,0.9997027626397798,-0.3803671705679612,-0.3803671544133865,-0.38036710276193875,-0.3803666759351142,-0.3803576807159942,2.950139784199542,2.956966796783069,2.9576748996717535,2.9577652718848233,2.9577652718848233
12,baseline_numprob_5,0.10141540256904716,0.2740415051097269,1.0850428638839637e-07,1.1214020532263674e-07,1.7429641879908675e-07,2.5353712289555123e-07,1.2533589293275122e-05,0.9868639356128254,0.9983141730328228,0.9989053756202512,0.998953722546072,-0.37007275238892673,-0.3700727391211594,-0.37007251230802224,-0.3700722231521732,-0.37002741223141333,3.2310745508759426,3.2728574093353306,3.2750147562204006,3.2751911781306564,3.2751911781306564
13,baseline_numprob_6,0.16873449958181733,0.3424674661932947,8.763140558336399e-08,9.327217624891702e-08,1.3574090250383985e-07,2.69953252056109e-07,7.60481340131605e-05,0.9891600307103398,0.9975329679363354,0.9987331843800147,0.999020918930142,-0.49270201875227193,-0.492702002281304,-0.4927018782732435,-0.49270148637514277,-0.4924802151939605,2.3956305696654403,2.4200794240896726,2.4235840385776424,2.4244242192620313,2.4244242192620313
14,baseline_numprob_7,0.14709084852242094,0.3126855141585288,9.329425610993953e-08,9.930522022740412e-08,1.1253427058573607e-07,1.538154942688825e-07,0.00012835161923895,0.9831617579943263,0.9959228680867162,0.998039911098612,0.9980764331969252,-0.4704111593528798,-0.47041114012920665,-0.4704110978213613,-0.47041096579981956,-0.4700009762162288,2.673839597980304,2.7146509228244735,2.721421441176093,2.721538242552106,2.721538242552106
15,baseline_numprob_8,0.11129707669575009,0.26888012058647554,2.0816776326580063e-08,2.2157985576332736e-08,2.6712958333296826e-08,4.139875876899446e-08,9.274545169512903e-06,0.8741944718066578,0.9698713526631569,0.9891544130201514,0.989851438351288,-0.4139281685690077,-0.41392816358087675,-0.413928146640343,-0.4139280920219488,-0.41389375275435764,2.837314240438796,3.1931489546148044,3.2648651540680573,3.2674574815693105,3.2674574815693105
16,baseline_numprob_9,0.03173724984045591,0.12800425066828716,1.6211733030341882e-08,1.955184624961131e-08,2.6728512326238807e-08,3.888940881635298e-08,2.542835456757019e-06,0.18220111099335123,0.7328091331762095,0.8616403695860655,0.8693449191087983,-0.24793890408348543,-0.24793887798971748,-0.24793882192387556,-0.2479387269200267,-0.24791916549112986,1.1754598801785923,5.476942208368734,6.483402819928516,6.5435926142713505,6.5435926142713505
17,baseline_numprob_10,0.006142299644453246,0.0470889954046335,3.2239899863644984e-08,3.431732897002621e-08,6.019170293555752e-08,7.734343406737314e-08,1.5454074615536295e-06,0.0008081401279862668,0.23790829318838988,0.6507070591751374,0.6681184441660687,-0.13043955072248134,-0.1304395066053986,-0.13043895712725104,-0.1304385928864983,-0.1304074165147182,-0.11327826110178822,4.921871693213721,13.688224902484535,14.05797976434379,14.05797976434379
18,baseline_numprob_11,0.0020221712144012144,0.027567573241399832,1.4306390373022652e-08,1.7253818436463566e-08,2.671149263454756e-08,5.6583868660860866e-08,3.464433195120996e-07,1.5957596966103218e-05,0.013397934252918674,0.44147708216500525,0.5807029908404929,-0.07335273548757822,-0.07335262857109207,-0.07335228549866724,-0.07335120189309322,-0.07334068738576562,-0.07277440055631242,0.41265014293800123,15.941008194752845,20.99135874452137,20.99135874452137
19,baseline_numprob_12,0.0003174033077843838,0.0064031975823155,2.0815643839145182e-08,2.0815773335871248e-08,3.650512506771471e-08,4.691110490911854e-08,3.2498876612138133e-07,2.8342335643739126e-06,0.00036927914495868647,0.059857363012308644,0.1885266587787392,-0.04956624999626734,-0.04956624997604358,-0.04956379973902837,-0.049562174616625446,-0.049518746679624054,-0.04912687296871709,0.008101551843031445,9.298472979962872,29.39301076555181,29.39301076555181
20,baseline_numprob_13,9.62823837967822e-06,0.00019160570210330127,1.0692487688155199e-09,1.3304376740573715e-09,2.12586211260221e-09,5.964018985324998e-09,1.195317060611228e-07,1.4527186788548897e-06,1.2786503131312818e-05,0.0018075357415315708,0.0056930118004701,-0.05024469013828756,-0.05024332697997664,-0.050239175618979476,-0.050219144081135925,-0.04962642848953746,-0.042668457207059654,0.016483145944852243,9.383371598109218,29.661870704799345,29.661870704799345
21,baseline_numprob_14,5.361677067666297e-07,5.580397329298716e-06,3.850512732393393e-09,4.943053409466364e-09,6.75805759404946e-09,1.2625467486742332e-08,1.141731909053631e-07,8.093295605613473e-07,2.649514167937638e-06,4.706479280358897e-05,0.0001614983138017,-0.09539055422441257,-0.09519477234498676,-0.0948695259373423,-0.09381809365636704,-0.0756208726654054,0.048950251689165204,0.3787089586032382,8.33786957293049,28.844208861228406,28.844208861228406
22,baseline_numprob_15,5.092615811533367e-07,6.972043028902016e-07,4.363202546225692e-09,7.190861012351503e-09,8.677514431196006e-09,2.0815876182176335e-08,2.9971273853848273e-07,1.6546454137944187e-06,2.761079959079919e-06,7.351263113026815e-06,7.551626032641861e-06,-0.7241756491090164,-0.7201199391049272,-0.7179876323869657,-0.7005775824193137,-0.3005558653986886,1.6428238149033074,3.2297826743063114,9.81348150536441,10.100862003138817,10.100862003138817
23,geom_top2_prob,0.08780630224118986,0.13308938848409105,2.902302860142266e-06,3.2883528647230064e-06,4.7850740833979025e-06,1.012993744578863e-05,0.010985436937294,0.40648179401552936,0.4684294411659718,0.4993275950217743,0.4995527662186487,-0.6597325371949198,-0.659729636512837,-0.6597183905281967,-0.6596782305768792,-0.5772125499928847,2.3944470359666026,2.859905986947112,3.092066899306371,3.093758778722447,3.093758778722447
24,geom_expected_minus_pred,0.016833860992917882,0.15941488573271406,-0.48462193231233464,-0.47418757612843965,-0.4389509002392845,-0.28477115208477566,4.147668796972148e-06,0.3483229439432695,0.48086444182324223,0.5144060742088432,1.0077534807988657,-3.145602062194039,-3.0801479727849115,-2.8591104220744,-1.8919501255571907,-0.10557178049444368,2.0794111003294193,2.910835952975871,3.121240597632702,6.215979237142206,6.215979237142206
25,geom_p_down1,0.03701497031451224,0.09318666597285259,2.2437450117800218e-06,2.5506316550199658e-06,3.6339673021948168e-06,6.144154764592818e-06,0.00033069080935530003,0.2899529413303084,0.43714576422123663,0.4681971453902895,0.4686297694508137,-0.3971890847590052,-0.3971857915127019,-0.39717416607642436,-0.39714722888067655,-0.39366447036364527,2.7143150618725085,4.29386318020318,4.627080179061139,4.6317227323278285,4.6317227323278285
26,geom_p_up1,0.055403704178660945,0.11240925085721881,5.368458733144709e-07,6.082508062349636e-07,1.3701030317863268e-06,2.1233449406650086e-06,0.0011982426257568,0.3484121390664033,0.4683428541303379,0.4993275950217743,0.4995527662186487,-0.4928701767006723,-0.4928695414777491,-0.4928627639908453,-0.4928560631018781,-0.4822153082556828,2.606622076504353,3.673533510833449,3.9491757791979363,3.951178916796997,3.951178916796997
27,geom_p_down2,0.000131970537109326,0.0010022088966305186,0.0,0.0,0.0,0.0,3.966437420347772e-06,0.000244140758085359,0.002409589024597013,0.013786261279837987,0.0235310212488719,-0.13167967032922798,-0.13167967032922798,-0.13167967032922798,-0.13167967032922798,-0.1277219750486501,0.11192299465027244,2.2725985522032035,13.624196301424918,23.34747854507326,23.34747854507326
28,geom_p_up2,0.0011660318917660227,0.011531309036386122,2.102168138295423e-07,2.1023693264854155e-07,3.4663044736345645e-07,5.714910363300127e-07,1.582047995440726e-05,0.003033262963837183,0.019191800623147726,0.07663700751036226,0.3311375591246237,-0.1011005490593944,-0.10110054731468192,-0.10108871921136038,-0.10106921920591806,-0.09974682043315425,0.1619270688331448,1.5632022933825498,6.54487494702064,28.615270494586436,28.615270494586436
29,geom_local_asymmetry,0.018388733864148705,0.15378152644045082,-0.4685073359133384,-0.4679825586522907,-0.43640156044892997,-0.2687679285421841,-1.6834524785390823e-06,0.34739881590600424,0.4680971803984752,0.49919726717319796,0.4995480123035514,-3.1661544858317487,-3.1627420001243003,-2.9573792433981865,-1.8673027186885751,-0.11958794884084215,2.139464275439215,2.9243333509793725,3.1265688697350384,3.128849671197165,3.1661544858317487
30,geom_up_mass,0.05660975777752894,0.11565254758752253,2.3983214173154533e-06,2.4854629000519717e-06,3.071800311950285e-06,4.4678515890461104e-06,0.0012467028494716882,0.37122528235861335,0.4956637749145906,0.5067823238124474,0.6673418050839856,-0.48946054917876153,-0.48945979570220993,-0.48945472588382605,-0.4894426548027629,-0.4787015598265147,2.720351009501044,3.796319461141124,3.892456979334941,5.280748760370126,5.280748760370126
31,geom_down_mass,0.03784618824425898,0.09386526146666196,2.902302860142266e-06,3.0768726102538584e-06,4.2228232885078405e-06,8.939666295977532e-06,0.0009273227460021177,0.2936014746160208,0.43789163645384027,0.4694115237139711,0.4705257923739003,-0.4031660419423601,-0.40316418215155586,-0.4031519736874196,-0.4031017224769743,-0.3933176653576925,2.7247064822015994,4.2619116162763255,4.597710896730318,4.609581834311682,4.609581834311682
32,geom_signed_tail_mass,0.01876356953326998,0.15624521333330574,-0.4689746631226572,-0.46865320510327385,-0.4375615425837498,-0.2695046607663533,-1.4649526720251834e-06,0.35136165067840874,0.4688458310273861,0.5050672195979041,0.665821169292595,-3.121620318796411,-3.119562924444767,-2.920570188243636,-1.8449731940567236,-0.12009989993045112,2.1286929311276452,2.8806147202346017,3.1124387089365766,4.141295505667796,4.141295505667796
33,geom_up_distance_mass,0.057874787567668846,0.12006049598759855,5.538336111300105e-06,6.319807861931122e-06,8.810558263599682e-06,1.2359424939377822e-05,0.0013235714500472904,0.3775988875094855,0.4983370660605646,0.5668415125372984,1.0095462180890276,-0.48200075100085427,-0.4819942420176604,-0.4819734962229576,-0.48194393723566054,-0.47102267613039783,2.663024980130367,3.6686694892414287,4.239252226829069,7.926599192291027,7.926599192291027
34,geom_down_distance_mass,0.04104092657475086,0.09632090971138188,2.902302860142266e-06,3.2883528647230064e-06,4.554744074966996e-06,1.0070331942815112e-05,0.002441565641290217,0.29941207357053,0.4398332459169731,0.4870670750081868,0.4913925450865422,-0.4260551981377457,-0.42605119018136595,-0.42603804255626526,-0.42598077993401245,-0.4007370886458676,2.6823993644782655,4.140246604160741,4.630626410920731,4.675533275809323,4.675533275809323
35,geom_signed_distance_mass,0.016833860992917976,0.159414885732714,-0.4846219323123354,-0.474187576128439,-0.43895090023928546,-0.28477115208477644,4.14766879708589e-06,0.3483229439432694,0.4808644418232418,0.5144060742088418,1.007753480798865,-3.1456020621940457,-3.080147972784909,-2.8591104220744077,-1.8919501255571967,-0.10557178049444357,2.079411100329419,2.910835952975869,3.1212405976326933,6.215979237142204,6.215979237142204
36,geom_up_boundary_gap,0.850140349799551,0.23716932901579027,0.0,0.0,0.0,0.2446480619843005,0.9803962889221446,0.9999824656014924,0.9999894239755299,0.9999921690204254,0.9999921932925782,-3.584529050731304,-3.584529050731304,-3.584529050731304,-2.5529957449723106,0.5492107249412567,0.6317938176228733,0.6318231568889006,0.6318347310874147,0.6318348334284418,3.584529050731304
37,geom_down_boundary_gap,0.8685290836636997,0.2092745069726338,0.05553586448714981,0.06073914603956002,0.12423993575924105,0.3666343131130906,0.9837609746339504,0.9999745482132306,0.9999867591963281,0.9999904541190514,0.9999910513253865,-3.884817271522052,-3.859953843923149,-3.556520852307095,-2.3982604370260945,0.5506255522337427,0.6281007010888316,0.6281590502077666,0.6281767060741061,0.6281795597725508,3.884817271522052
38,geom_up_down_logratio,0.7816250345194553,4.440435566835954,-11.187499512173222,-8.440249985135173,-7.438124995051631,-5.99999999838106,-0.12499999744863766,8.937499823952125,10.563749920445096,11.562499775645117,11.562499789649088,-2.6954843430418953,-2.076795143370519,-1.8511134562927785,-1.5272432018944446,-0.2041747973418093,1.8367285521145762,2.202965168323774,2.427886764452616,2.427886767606354,2.6954843430418953
