group,feature,v3_mean,tally_mean,mean_difference,v3_std,tally_std,smd_tally_minus_v3,abs_smd,v3_median,tally_median,robust_median_shift,ks_statistic,ks_pvalue
baseline_wrong,baseline_best_numeral,6.348651348651349,2.7887624466571834,-3.5598889019941655,1.671323032606408,1.9090088812398962,-1.9842128043409037,1.9842128043409037,7.0,2.0,-3.3333333333333335,0.711626922153238,5.4695974542757e-286
baseline_wrong,baseline_expected_numeral,6.372502850892158,2.85561821859668,-3.5168846322954783,1.6378365159751946,1.9013395958149606,-1.9819174389951664,1.9819174389951664,6.7276999793461485,2.1107157369673577,-2.4969381384703584,0.7293488872436241,2.0342305316857847e-302
baseline_wrong,baseline_vocab_numeral_mass,0.982514741346899,0.8557885447150905,-0.1267261966318085,0.02149569496340471,0.12534280039067935,-1.4092488296843428,1.4092488296843428,0.9895622746114724,0.8937768512652156,-1.279094214484296,0.7840210998105734,4.74e-322
baseline_wrong,baseline_numprob_2,0.022729175604302897,0.36525832588859686,0.342529150284294,0.14317213862996844,0.35960648168897436,1.2515112718834436,1.2515112718834436,4.766449417162378e-06,0.25349004865207575,0.7443834433010568,0.8725740831003989,0.0
baseline_wrong,baseline_entropy_norm,0.1136746442666494,0.2930210912549094,0.17934644698825997,0.0966491435650883,0.19770130751791914,1.1525628109019748,1.1525628109019748,0.0853450460454502,0.2555421191329277,0.766334932709156,0.43074848338006233,5.7082539910057535e-98
baseline_wrong,baseline_entropy,0.31517303669833124,0.8124269729917554,0.4972539362934241,0.2679683254626974,0.5481444155962414,1.1525628109019743,1.1525628109019743,0.2366267121646502,0.7085131975652099,0.7663349327091559,0.43074848338006233,5.7082539910057535e-98
baseline_wrong,geom_down_boundary_gap,0.8213938630411759,0.5434156741288813,-0.27797818891229464,0.22600640623678162,0.3057072779687194,-1.0340414555659503,1.0340414555659503,0.926415432862295,0.5413907332475623,-0.9570012996196638,0.40853030326714534,7.267723568747279e-88
baseline_wrong,baseline_top1_prob,0.8709102115280902,0.6791117167417481,-0.19179849478634214,0.14670819362594775,0.22488078683871876,-1.0102029589227233,1.0102029589227233,0.9392058055024394,0.6799692683283338,-0.9260827956311773,0.37369955791008425,3.129053216145281e-73
baseline_wrong,baseline_numprob_1,0.002785657567880488,0.19601317312661728,0.1932275155587368,0.04367601731991683,0.2943848678914102,0.9182068645848804,0.9182068645848804,0.0003345180313496,0.0329908815764498,0.22735616676127363,0.5826769247821879,1.6171544752003905e-184
baseline_wrong,baseline_numprob_7,0.2670013222704641,0.021959975535816956,-0.24504134673464711,0.38288780788243776,0.07347216966105174,-0.8888547812287624,0.8888547812287624,0.0124281718174588,0.00010568391574704999,-0.04614219186527505,0.33709960025749497,2.121650236766623e-59
baseline_wrong,baseline_conditional_margin,0.7493262701534287,0.47693427307647984,-0.27239199707694883,0.2859443716642541,0.3271911572812305,-0.8865176210417833,0.8865176210417833,0.879295835355961,0.43527227256859635,-0.8901841748806016,0.3631830473935737,4.2608087227717674e-69
baseline_wrong,geom_down_mass,0.05080588003961444,0.15834200253068248,0.10753612249106803,0.10900530108729456,0.15295646470482394,0.809689306428762,0.809689306428762,0.0012970713938666,0.1137555971355585,0.7972073338479546,0.484523300312774,5.152859516983455e-125
baseline_wrong,geom_up_boundary_gap,0.7933545471187476,0.5679391321691121,-0.22541541494963557,0.2461270971390489,0.30811843727768407,-0.8083728932598627,0.8083728932598627,0.9013581213128444,0.6068958345692357,-0.6963343758374628,0.34456652877705507,4.288728793883611e-62
baseline_wrong,geom_p_up2,0.0006954919300459425,0.028075281380343518,0.027379789450297575,0.004051767969209722,0.04975202522434025,0.7757091170375351,0.7757091170375351,3.485784728660258e-05,0.0035673095814563,0.2090684479878158,0.6164404585457217,2.596294570153064e-208
baseline_wrong,baseline_numprob_8,0.19412285434378115,0.01427178314339927,-0.17985107120038188,0.3349201827124644,0.060979287906054884,-0.7471452518828038,0.7471452518828038,0.0004734262327953,4.1797215770264835e-05,-0.003514082071846635,0.24944117049380207,1.905537594247973e-32
baseline_wrong,geom_p_down1,0.049516348486914406,0.13569604261286683,0.08617969412595242,0.10774657500490294,0.1293683928824223,0.7238987770746536,0.7238987770746536,0.0006192382734486,0.1024452351494613,0.8916266193362631,0.4874712769449612,1.3211598568361602e-126
baseline_wrong,baseline_numprob_6,0.23479607992763418,0.050495228580582814,-0.18430085134705138,0.3848815728062157,0.1367673766134566,-0.6381067922309627,0.6381067922309627,0.0009106362268926,0.0004509135876349,-0.002339850768253421,0.21322205532731847,9.129473001620023e-24
baseline_wrong,geom_up_distance_mass,0.07906047042240125,0.267802779846038,0.18874230942363676,0.12416883222671896,0.4181204960725794,0.611970265711689,0.611970265711689,0.01413591076189,0.0971019704901615,0.3699944059823797,0.2547182547182547,7.889442937678776e-34
baseline_wrong,geom_top2_prob,0.12158394137466182,0.2021774436652682,0.0805935022906064,0.1400685539586701,0.12771964103107536,0.6012807686679257,0.6012807686679257,0.058872358867419,0.20112759084838133,0.7202845433035014,0.33871818082344396,5.612985267403946e-60
baseline_wrong,geom_down_distance_mass,0.05520896818159197,0.20094700790654096,0.145738039724949,0.11220373374583682,0.33185704605365784,0.588345468017736,0.588345468017736,0.0039262116740742,0.11829991176508994,0.7366047032584429,0.45416248047826996,2.7379189436566747e-109
baseline_wrong,geom_up_down_logratio,2.4820803909992883,-0.15590384725974774,-2.637984238259036,4.945058546466385,4.25771952255362,-0.5717093441796223,0.5717093441796223,2.999999999948101,-0.24999999999886252,-0.5360824748099728,0.3777381935276672,7.45719903734515e-75
baseline_wrong,baseline_numprob_3,0.04294155810963165,0.171216579154789,0.12827502104515734,0.19014764258628192,0.2626230467635437,0.5594998521419369,0.5594998521419369,4.714299367491215e-06,0.0338235422008752,0.29228970845546043,0.860862466125624,0.0
baseline_wrong,geom_up_mass,0.07828390843229512,0.16254628072756935,0.08426237229527424,0.1226552643055908,0.18264644749862127,0.5416364466414629,0.5416364466414629,0.0140879834418053,0.0805147114508448,0.3601028273172533,0.2322563638353112,3.7556264222553684e-28
baseline_wrong,geom_p_down2,0.0004114825495699024,0.014526144044970903,0.014114661495401,0.0031391629727205335,0.04140318935358676,0.4807363429873749,0.4807363429873749,5.676069694704538e-06,3.1739248001211224e-05,0.017962075131521447,0.2855203118361013,1.659029657997886e-42
baseline_wrong,baseline_numprob_0,2.1859001704183278e-05,0.025137506613998536,0.025115647612294352,3.13065738674621e-05,0.0824826090959,0.4306227374712531,0.4306227374712531,1.1394594912603146e-05,1.1408470994262075e-05,2.2069988603151332e-05,0.3180311864522391,8.347582522705077e-53
baseline_wrong,baseline_numprob_9,0.045757049044003774,0.0077463541013814054,-0.03801069494262237,0.15464206018243665,0.03920627261473225,-0.33695029009652283,0.33695029009652283,6.554791386965352e-06,1.3987388190088693e-05,0.013630813210234953,0.1329808171913435,1.766117670190168e-09
baseline_wrong,geom_local_asymmetry,0.028039315922428244,-0.02452345804023084,-0.052562773962659085,0.1784918719030471,0.19466462161768833,-0.28145551597587926,0.28145551597587926,0.008112820486154,-0.01059596400846655,-0.11346706288846171,0.25697133591870436,1.9832849332408306e-34
baseline_wrong,geom_p_up1,0.07755566440934265,0.111172584572636,0.033616920163293346,0.12132343751382986,0.11913271579329933,0.27959796084875416,0.27959796084875416,0.0140482503018638,0.06666077323238455,0.39080600168635155,0.2069004963741806,2.1500339017250836e-22
baseline_wrong,baseline_numprob_5,0.10597817872970906,0.05356700417010133,-0.05241117455960773,0.2818120093289495,0.13029030418426532,-0.2387343181454404,0.2387343181454404,1.4038861304252516e-05,0.0008941964794907499,0.06967234825637858,0.3707991865886603,4.438236700007345e-72
baseline_wrong,baseline_numprob_13,8.521711271009208e-05,0.0019296323626506375,0.0018444152499405455,0.0014625249098486857,0.014393823196087643,0.18028814563674517,0.18028814563674517,1.7202817210791345e-07,2.0065654968206375e-06,0.19340234239037696,0.4889505942137521,2.092742532829513e-127
baseline_wrong,baseline_numprob_14,3.6260798421220124e-06,0.00225773936693201,0.0022541132870898878,6.754328070611055e-05,0.01897612744656234,0.16798882688141972,0.16798882688141972,1.3490398776265378e-07,2.5627765004505086e-06,0.24818496463000478,0.6492994914047545,2.7286491137240607e-233
baseline_wrong,baseline_numprob_15,7.376714804061313e-07,0.002291243312154066,0.00229050564067366,3.205609002104726e-06,0.02065262237485932,0.15684517171320475,0.15684517171320475,3.995229361867823e-07,2.044200582067911e-06,0.19553120924624984,0.4856118277170909,1.3415355916723651e-125
baseline_wrong,geom_signed_distance_mass,0.023851502240809275,0.06685577193949707,0.0430042696986878,0.18142437082611357,0.522564607318915,0.10994461728910185,0.10994461728910185,0.0059273557574599,-3.070892352103525e-06,-0.02469446001026237,0.2105184999921842,3.566090270577673e-23
baseline_wrong,geom_expected_minus_pred,0.023851502240809303,0.06685577193949707,0.04300426969868777,0.1814243708261136,0.522564607318915,0.10994461728910178,0.10994461728910178,0.0059273557574606,-3.070892352297072e-06,-0.024694460010265946,0.2105184999921842,3.566090270577673e-23
baseline_wrong,geom_signed_tail_mass,0.027478028392680657,0.004204278196886893,-0.023273750195793766,0.1798044631732582,0.25087734347391366,-0.10663637324163738,0.10663637324163738,0.0076875358146202,-0.0042114446961532,-0.05892723663561508,0.23999968736810842,4.7738048824464424e-30
baseline_wrong,baseline_numprob_10,0.007664551689301143,0.004140962275114924,-0.0035235894141862198,0.04703790624905967,0.023751244155537036,-0.09456640767532747,0.09456640767532747,2.898501626547919e-06,6.918334081844367e-06,0.09544002431686122,0.22381459223564487,3.6915131722031207e-26
baseline_wrong,baseline_numprob_12,0.0014026207712808333,0.002273167518008702,0.0008705467467278686,0.018846221998897118,0.015459773958076416,0.05050639423676855,0.05050639423676855,3.899273619662772e-07,4.774404779485807e-06,0.20858112600357742,0.5635651688283267,7.649311488026089e-172
baseline_wrong,baseline_numprob_4,0.07049856987281808,0.07836906353790489,0.007870493665086811,0.23942394217963595,0.16222546732527218,0.03848642350205391,0.03848642350205391,2.2467985200960967e-06,0.0047032399873378,0.13314636545254044,0.7040193092824671,3.573975749368106e-279
baseline_wrong,baseline_numprob_11,0.004210942203455771,0.003072261311951025,-0.0011386808915047459,0.043302322724451246,0.02468292665171967,-0.03230812001682362,0.03230812001682362,5.649564178769387e-07,5.80875717292162e-06,0.16933171919612966,0.5028975292133187,4.011056499715239e-135
