sample_id,fold,ridge_alpha,threshold,baseline_correct,selected_alpha,selected_score,selected_utility
pccv2_n01_dense_r00,5,0.01,0.1,True,1.0,0.042355802136865774,0
pccv2_n01_dense_r01,4,0.01,0.1,True,1.0,0.06171116838136792,0
pccv2_n01_dense_r02,3,0.01,0.1,True,1.0,0.023261860463693926,0
pccv2_n01_dense_r03,2,0.01,0.1,True,1.0,0.06959524879760332,0
pccv2_n01_dense_r04,1,0.01,0.1,True,1.0,0.04420027349940502,0
pccv2_n01_dense_r05,5,0.01,0.1,True,1.0,0.04306884570403797,0
pccv2_n01_dense_r06,4,0.01,0.1,True,1.0,0.04759710649596566,0
pccv2_n01_dense_r07,3,0.01,0.1,True,1.0,0.046425278444108695,0
pccv2_n01_dense_r08,2,0.01,0.1,True,1.0,0.019039563475781007,0
pccv2_n01_dense_r09,1,0.01,0.1,True,1.0,0.05040246778998541,0
pccv2_n01_dense_r10,5,0.01,0.1,True,1.0,0.0885981025055722,0
pccv2_n01_dense_r11,4,0.01,0.1,True,1.0,0.02416630071570114,0
pccv2_n01_dense_r12,3,0.01,0.1,True,1.0,0.03790682694880178,0
pccv2_n01_dense_r13,2,0.01,0.1,True,1.0,0.045041691993736144,0
pccv2_n01_dense_r14,1,0.01,0.1,True,1.0,0.056835635784993115,0
pccv2_n01_dense_r15,5,0.01,0.1,True,1.0,0.06150669771498719,0
pccv2_n01_dense_r16,4,0.01,0.1,True,1.0,0.06487046384687245,0
pccv2_n01_dense_r17,3,0.01,0.1,True,1.0,0.03222254934056258,0
pccv2_n01_dense_r18,2,0.01,0.1,True,1.0,0.038326201210402255,0
pccv2_n01_dense_r19,1,0.01,0.1,True,1.0,0.03526900620301026,0
pccv2_n01_distractors_r00,5,0.01,0.1,True,1.0,0.006985417509933353,0
pccv2_n01_distractors_r01,4,0.01,0.1,True,1.0,-0.011366846219038274,0
pccv2_n01_distractors_r02,3,0.01,0.1,True,1.0,0.002142921504650737,0
pccv2_n01_distractors_r03,2,0.01,0.1,True,1.0,-0.002330929350581254,0
pccv2_n01_distractors_r04,1,0.01,0.1,True,1.0,-0.028749893312395428,0
pccv2_n01_distractors_r05,5,0.01,0.1,True,1.0,-0.02549553468514197,0
pccv2_n01_distractors_r06,4,0.01,0.1,True,1.0,-0.01259514049004512,0
pccv2_n01_distractors_r07,3,0.01,0.1,True,1.0,0.006885024457790885,0
pccv2_n01_distractors_r08,2,0.01,0.1,True,1.0,0.02718510798525993,0
pccv2_n01_distractors_r09,1,0.01,0.1,True,1.0,-0.0323797027350194,0
pccv2_n01_distractors_r10,5,0.01,0.1,True,1.0,0.010246236408971918,0
pccv2_n01_distractors_r11,4,0.01,0.1,True,1.0,0.0009568996531570846,0
pccv2_n01_distractors_r12,3,0.01,0.1,True,1.0,0.004397629918431907,0
pccv2_n01_distractors_r13,2,0.01,0.1,True,1.0,0.015515240076576856,0
pccv2_n01_distractors_r14,1,0.01,0.1,True,1.0,-0.018067857819582214,0
pccv2_n01_distractors_r15,5,0.01,0.1,True,1.0,-0.017199573440222923,0
pccv2_n01_distractors_r16,4,0.01,0.1,True,1.0,0.0586642692691953,0
pccv2_n01_distractors_r17,3,0.01,0.1,True,1.0,-0.012605901445557004,0
pccv2_n01_distractors_r18,2,0.01,0.1,True,1.0,-0.001116674427043482,0
pccv2_n01_distractors_r19,1,0.01,0.1,True,4.0,0.2606400623098333,0
pccv2_n01_grid_r00,5,0.01,0.1,True,1.0,0.017929559017301373,0
pccv2_n01_grid_r01,4,0.01,0.1,True,1.0,0.03707419240598553,0
pccv2_n01_grid_r02,3,0.01,0.1,True,1.0,0.03426567598840864,0
pccv2_n01_grid_r03,2,0.01,0.1,True,1.0,0.0311811972387383,0
pccv2_n01_grid_r04,1,0.01,0.1,True,1.0,0.05361834437601403,0
pccv2_n01_grid_r05,5,0.01,0.1,True,1.0,0.029557637257275123,0
pccv2_n01_grid_r06,4,0.01,0.1,True,1.0,0.023363783185527398,0
pccv2_n01_grid_r07,3,0.01,0.1,True,1.0,0.006234068729540304,0
pccv2_n01_grid_r08,2,0.01,0.1,True,1.0,0.026956736271698423,0
pccv2_n01_grid_r09,1,0.01,0.1,True,1.0,0.034591854551916205,0
pccv2_n01_grid_r10,5,0.01,0.1,True,1.0,0.020799710048037774,0
pccv2_n01_grid_r11,4,0.01,0.1,True,1.0,0.04237489380684489,0
pccv2_n01_grid_r12,3,0.01,0.1,True,1.0,0.04180020259981136,0
pccv2_n01_grid_r13,2,0.01,0.1,True,1.0,0.02436622342394662,0
pccv2_n01_grid_r14,1,0.01,0.1,True,1.0,0.021036421408810894,0
pccv2_n01_grid_r15,5,0.01,0.1,True,1.0,0.0201973181791359,0
pccv2_n01_grid_r16,4,0.01,0.1,True,1.0,0.034253092820853426,0
pccv2_n01_grid_r17,3,0.01,0.1,True,1.0,0.018402029251418026,0
pccv2_n01_grid_r18,2,0.01,0.1,True,1.0,0.025866846052340964,0
pccv2_n01_grid_r19,1,0.01,0.1,True,1.0,0.039057267204067096,0
pccv2_n01_random_sparse_r00,5,0.01,0.1,True,1.0,0.04746175997003358,0
pccv2_n01_random_sparse_r01,4,0.01,0.1,True,1.0,0.0627512917930228,0
pccv2_n01_random_sparse_r02,3,0.01,0.1,True,1.0,0.04184481965752758,0
pccv2_n01_random_sparse_r03,2,0.01,0.1,True,1.0,0.05443967816414613,0
pccv2_n01_random_sparse_r04,1,0.01,0.1,True,1.0,0.06585649420593265,0
pccv2_n01_random_sparse_r05,5,0.01,0.1,True,1.0,0.050418683800228355,0
pccv2_n01_random_sparse_r06,4,0.01,0.1,True,1.0,0.048815057645898774,0
pccv2_n01_random_sparse_r07,3,0.01,0.1,True,1.0,0.03317785016715839,0
pccv2_n01_random_sparse_r08,2,0.01,0.1,True,1.0,0.037759187210419876,0
pccv2_n01_random_sparse_r09,1,0.01,0.1,True,1.0,0.05594306562244588,0
pccv2_n01_random_sparse_r10,5,0.01,0.1,True,1.0,0.03829988762730003,0
pccv2_n01_random_sparse_r11,4,0.01,0.1,True,1.0,0.06036146617976218,0
pccv2_n01_random_sparse_r12,3,0.01,0.1,True,1.0,0.06487565801771673,0
pccv2_n01_random_sparse_r13,2,0.01,0.1,True,1.0,0.06099393188055785,0
pccv2_n01_random_sparse_r14,1,0.01,0.1,True,1.0,0.025823681097790423,0
pccv2_n01_random_sparse_r15,5,0.01,0.1,True,1.0,0.02416259744014216,0
pccv2_n01_random_sparse_r16,4,0.01,0.1,True,1.0,0.03604784496292063,0
pccv2_n01_random_sparse_r17,3,0.01,0.1,True,1.0,0.05786027179284099,0
pccv2_n01_random_sparse_r18,2,0.01,0.1,True,1.0,0.04833015091299536,0
pccv2_n01_random_sparse_r19,1,0.01,0.1,True,1.0,0.07148745662229583,0
pccv2_n01_row_r00,5,0.01,0.1,True,1.0,0.03126044938387391,0
pccv2_n01_row_r01,4,0.01,0.1,True,1.0,0.030765940784632795,0
pccv2_n01_row_r02,3,0.01,0.1,True,1.0,0.009258523129524193,0
pccv2_n01_row_r03,2,0.01,0.1,True,1.0,0.022815460670892296,0
pccv2_n01_row_r04,1,0.01,0.1,True,1.0,0.027936488016387644,0
pccv2_n01_row_r05,5,0.01,0.1,True,1.0,0.019774720012264664,0
pccv2_n01_row_r06,4,0.01,0.1,True,1.0,0.021279784629035403,0
pccv2_n01_row_r07,3,0.01,0.1,True,1.0,0.034552370736981294,0
pccv2_n01_row_r08,2,0.01,0.1,True,1.0,0.016114724213601328,0
pccv2_n01_row_r09,1,0.01,0.1,True,1.0,0.045029772831774555,0
pccv2_n01_row_r10,5,0.01,0.1,True,1.0,0.01322181220029168,0
pccv2_n01_row_r11,4,0.01,0.1,True,1.0,0.019323411748484842,0
pccv2_n01_row_r12,3,0.01,0.1,True,1.0,0.033123878046747615,0
pccv2_n01_row_r13,2,0.01,0.1,True,1.0,0.03646239835122694,0
pccv2_n01_row_r14,1,0.01,0.1,True,1.0,0.030695491166090653,0
pccv2_n01_row_r15,5,0.01,0.1,True,1.0,0.043004332559583226,0
pccv2_n01_row_r16,4,0.01,0.1,True,1.0,0.026804406558138483,0
pccv2_n01_row_r17,3,0.01,0.1,True,1.0,0.034203845942162456,0
pccv2_n01_row_r18,2,0.01,0.1,True,1.0,0.008027273618749092,0
pccv2_n01_row_r19,1,0.01,0.1,True,1.0,0.025653278186741894,0
pccv2_n02_dense_r00,5,0.01,0.1,True,1.0,0.03136287895613352,0
pccv2_n02_dense_r01,4,0.01,0.1,True,1.0,0.0405719735223211,0
pccv2_n02_dense_r02,3,0.01,0.1,True,1.0,0.05297788801013327,0
pccv2_n02_dense_r03,2,0.01,0.1,True,1.0,0.05544932384602913,0
pccv2_n02_dense_r04,1,0.01,0.1,True,1.0,0.027853267788849626,0
pccv2_n02_dense_r05,5,0.01,0.1,True,1.0,0.018320753363344575,0
pccv2_n02_dense_r06,4,0.01,0.1,True,1.0,0.007639865983668798,0
pccv2_n02_dense_r07,3,0.01,0.1,True,4.0,0.1195357788595892,0
pccv2_n02_dense_r08,2,0.01,0.1,True,1.0,0.034972545203762403,0
pccv2_n02_dense_r09,1,0.01,0.1,True,4.0,0.11705875555297401,0
pccv2_n02_dense_r10,5,0.01,0.1,True,1.0,0.013507766762554906,0
pccv2_n02_dense_r11,4,0.01,0.1,True,1.0,0.06958180977366535,0
pccv2_n02_dense_r12,3,0.01,0.1,True,1.0,0.02393936512038096,0
pccv2_n02_dense_r13,2,0.01,0.1,True,1.0,0.09233189116244528,0
pccv2_n02_dense_r14,1,0.01,0.1,True,4.0,0.10515647777664983,0
pccv2_n02_dense_r15,5,0.01,0.1,True,1.0,0.09105889097161864,0
pccv2_n02_dense_r16,4,0.01,0.1,True,4.0,0.10059706733822144,0
pccv2_n02_dense_r17,3,0.01,0.1,True,1.0,0.052600026350629284,0
pccv2_n02_dense_r18,2,0.01,0.1,True,1.0,0.05261945226958624,0
pccv2_n02_dense_r19,1,0.01,0.1,True,1.0,0.08564218394082929,0
pccv2_n02_distractors_r00,5,0.01,0.1,False,4.0,0.37450192792486237,1
pccv2_n02_distractors_r01,4,0.01,0.1,True,1.0,0.042128659386143755,0
pccv2_n02_distractors_r02,3,0.01,0.1,True,1.0,0.05039806268436316,0
pccv2_n02_distractors_r03,2,0.01,0.1,True,1.0,0.040488431301060876,0
pccv2_n02_distractors_r04,1,0.01,0.1,True,1.0,0.03971828261849502,0
pccv2_n02_distractors_r05,5,0.01,0.1,True,1.0,0.0268933073099453,0
pccv2_n02_distractors_r06,4,0.01,0.1,True,1.0,0.05323729330883649,0
pccv2_n02_distractors_r07,3,0.01,0.1,True,4.0,0.12471896246326884,0
pccv2_n02_distractors_r08,2,0.01,0.1,True,1.0,0.06103768125208424,0
pccv2_n02_distractors_r09,1,0.01,0.1,True,1.0,0.09680306342398526,0
pccv2_n02_distractors_r10,5,0.01,0.1,True,1.0,0.09540101371426198,0
pccv2_n02_distractors_r11,4,0.01,0.1,True,1.0,0.06233282455487249,0
pccv2_n02_distractors_r12,3,0.01,0.1,True,1.0,0.02301146253151619,0
pccv2_n02_distractors_r13,2,0.01,0.1,True,1.0,0.0528122362182432,0
pccv2_n02_distractors_r14,1,0.01,0.1,True,1.0,0.01658560392511256,0
pccv2_n02_distractors_r15,5,0.01,0.1,True,1.0,0.07515907469736229,0
pccv2_n02_distractors_r16,4,0.01,0.1,True,1.0,0.08762298035939209,0
pccv2_n02_distractors_r17,3,0.01,0.1,True,1.0,0.07957189883704695,0
pccv2_n02_distractors_r18,2,0.01,0.1,True,1.0,0.09636146270200768,0
pccv2_n02_distractors_r19,1,0.01,0.1,True,1.0,0.05707016814737647,0
pccv2_n02_grid_r00,5,0.01,0.1,True,1.0,0.037178160244498694,0
pccv2_n02_grid_r01,4,0.01,0.1,True,4.0,0.14027232101480014,0
pccv2_n02_grid_r02,3,0.01,0.1,True,4.0,0.11143947911169928,0
pccv2_n02_grid_r03,2,0.01,0.1,True,1.0,0.06886757012940886,0
pccv2_n02_grid_r04,1,0.01,0.1,True,1.0,0.0796629139541914,0
pccv2_n02_grid_r05,5,0.01,0.1,True,1.0,0.03487648281980247,0
pccv2_n02_grid_r06,4,0.01,0.1,True,1.0,0.0758221510240088,0
pccv2_n02_grid_r07,3,0.01,0.1,True,4.0,0.14707576405422235,0
pccv2_n02_grid_r08,2,0.01,0.1,True,1.0,0.051231587880929394,0
pccv2_n02_grid_r09,1,0.01,0.1,True,4.0,0.18599567153102664,0
pccv2_n02_grid_r10,5,0.01,0.1,True,1.0,0.04086391087081962,0
pccv2_n02_grid_r11,4,0.01,0.1,True,1.0,0.05143754454194932,0
pccv2_n02_grid_r12,3,0.01,0.1,True,4.0,0.14116600263632204,0
pccv2_n02_grid_r13,2,0.01,0.1,True,4.0,0.12208964288702634,0
pccv2_n02_grid_r14,1,0.01,0.1,True,4.0,0.2632293818615493,0
pccv2_n02_grid_r15,5,0.01,0.1,True,1.0,0.06668118063001206,0
pccv2_n02_grid_r16,4,0.01,0.1,True,1.0,0.057510099364439515,0
pccv2_n02_grid_r17,3,0.01,0.1,True,4.0,0.11671354368420268,0
pccv2_n02_grid_r18,2,0.01,0.1,True,1.0,0.050182342980423886,0
pccv2_n02_grid_r19,1,0.01,0.1,True,1.0,0.07468217711832781,0
pccv2_n02_random_sparse_r00,5,0.01,0.1,True,1.0,0.030532025933362992,0
pccv2_n02_random_sparse_r01,4,0.01,0.1,True,1.0,0.04203078195816391,0
pccv2_n02_random_sparse_r02,3,0.01,0.1,True,4.0,0.1074413770691711,0
pccv2_n02_random_sparse_r03,2,0.01,0.1,True,1.0,0.023451930077890065,0
pccv2_n02_random_sparse_r04,1,0.01,0.1,True,1.0,0.09406550271923864,0
pccv2_n02_random_sparse_r05,5,0.01,0.1,True,1.0,0.01276012534401879,0
pccv2_n02_random_sparse_r06,4,0.01,0.1,True,1.0,0.08597642347186674,0
pccv2_n02_random_sparse_r07,3,0.01,0.1,True,1.0,0.07939176088560364,0
pccv2_n02_random_sparse_r08,2,0.01,0.1,True,4.0,0.23359554101744334,0
pccv2_n02_random_sparse_r09,1,0.01,0.1,True,4.0,0.15410997974292334,0
pccv2_n02_random_sparse_r10,5,0.01,0.1,True,1.0,0.006370406031217045,0
pccv2_n02_random_sparse_r11,4,0.01,0.1,True,1.0,0.0762182302485111,0
pccv2_n02_random_sparse_r12,3,0.01,0.1,True,1.0,0.06606443658397808,0
pccv2_n02_random_sparse_r13,2,0.01,0.1,True,1.0,0.050355337440187706,0
pccv2_n02_random_sparse_r14,1,0.01,0.1,True,1.0,0.07015363062121854,0
pccv2_n02_random_sparse_r15,5,0.01,0.1,True,1.0,0.043814461018548446,0
pccv2_n02_random_sparse_r16,4,0.01,0.1,True,4.0,0.11972190179278208,0
pccv2_n02_random_sparse_r17,3,0.01,0.1,True,1.0,0.08951463988241025,0
pccv2_n02_random_sparse_r18,2,0.01,0.1,True,4.0,0.11788036105164595,0
pccv2_n02_random_sparse_r19,1,0.01,0.1,True,4.0,0.10295368640679936,0
pccv2_n02_row_r00,5,0.01,0.1,True,1.0,0.03931024095530287,0
pccv2_n02_row_r01,4,0.01,0.1,True,1.0,0.0719731933366532,0
pccv2_n02_row_r02,3,0.01,0.1,True,1.0,0.05097880524545252,0
pccv2_n02_row_r03,2,0.01,0.1,True,1.0,0.06161943413331511,0
pccv2_n02_row_r04,1,0.01,0.1,True,1.0,0.09517923544379714,0
pccv2_n02_row_r05,5,0.01,0.1,True,1.0,0.04078921395692112,0
pccv2_n02_row_r06,4,0.01,0.1,True,1.0,0.06141487371460824,0
pccv2_n02_row_r07,3,0.01,0.1,True,1.0,0.046104478585440936,0
pccv2_n02_row_r08,2,0.01,0.1,True,1.0,0.062141018592642705,0
pccv2_n02_row_r09,1,0.01,0.1,True,1.0,0.06845412648495708,0
pccv2_n02_row_r10,5,0.01,0.1,True,1.0,0.05957481518691599,0
pccv2_n02_row_r11,4,0.01,0.1,True,1.0,0.06724976787646952,0
pccv2_n02_row_r12,3,0.01,0.1,True,1.0,0.03742665173643412,0
pccv2_n02_row_r13,2,0.01,0.1,True,1.0,0.0721839116192427,0
pccv2_n02_row_r14,1,0.01,0.1,True,1.0,0.08958501759971615,0
pccv2_n02_row_r15,5,0.01,0.1,True,1.0,0.05369338963810056,0
pccv2_n02_row_r16,4,0.01,0.1,True,1.0,0.09194234939560753,0
pccv2_n02_row_r17,3,0.01,0.1,True,1.0,0.056887077072662065,0
pccv2_n02_row_r18,2,0.01,0.1,True,1.0,0.06241976454438031,0
pccv2_n02_row_r19,1,0.01,0.1,True,1.0,0.06802520737948287,0
pccv2_n03_dense_r00,5,0.01,0.1,True,4.0,0.1040974160374239,0
pccv2_n03_dense_r01,4,0.01,0.1,True,1.0,0.06278684575904801,0
pccv2_n03_dense_r02,3,0.01,0.1,True,1.0,0.031277424678403984,0
pccv2_n03_dense_r03,2,0.01,0.1,True,1.0,0.023268032843181713,0
pccv2_n03_dense_r04,1,0.01,0.1,True,1.0,0.02666574433568058,0
pccv2_n03_dense_r05,5,0.01,0.1,False,4.0,0.389246160753563,1
pccv2_n03_dense_r06,4,0.01,0.1,True,1.0,0.05343595280459491,0
pccv2_n03_dense_r07,3,0.01,0.1,True,1.0,0.027339609113718008,0
pccv2_n03_dense_r08,2,0.01,0.1,True,1.0,0.019367971918070742,0
pccv2_n03_dense_r09,1,0.01,0.1,False,4.0,0.5044573385279063,1
pccv2_n03_dense_r10,5,0.01,0.1,True,1.0,0.03614243703344274,0
pccv2_n03_dense_r11,4,0.01,0.1,True,1.0,0.049458426762549426,0
pccv2_n03_dense_r12,3,0.01,0.1,True,1.0,0.03913585756593228,0
pccv2_n03_dense_r13,2,0.01,0.1,True,1.0,0.02015587561010848,0
pccv2_n03_dense_r14,1,0.01,0.1,True,1.0,0.04024099728316121,0
pccv2_n03_dense_r15,5,0.01,0.1,True,1.0,0.015670190964767038,0
pccv2_n03_dense_r16,4,0.01,0.1,True,1.0,0.09807275291432388,0
pccv2_n03_dense_r17,3,0.01,0.1,True,1.0,0.03769945846075427,0
pccv2_n03_dense_r18,2,0.01,0.1,True,1.0,0.021175051824242758,0
pccv2_n03_dense_r19,1,0.01,0.1,False,4.0,0.3733352923778071,0
pccv2_n03_distractors_r00,5,0.01,0.1,False,4.0,0.20148358783788933,1
pccv2_n03_distractors_r01,4,0.01,0.1,True,1.0,-0.03473623603782888,0
pccv2_n03_distractors_r02,3,0.01,0.1,True,1.0,0.017824007109855197,0
pccv2_n03_distractors_r03,2,0.01,0.1,True,1.0,0.007318913948933054,0
pccv2_n03_distractors_r04,1,0.01,0.1,False,1.0,0.08554204007743277,0
pccv2_n03_distractors_r05,5,0.01,0.1,False,1.0,0.034219006416655415,0
pccv2_n03_distractors_r06,4,0.01,0.1,True,1.0,0.07751122075200004,0
pccv2_n03_distractors_r07,3,0.01,0.1,False,4.0,0.36057393823217543,1
pccv2_n03_distractors_r08,2,0.01,0.1,True,1.5,0.1256638416372596,0
pccv2_n03_distractors_r09,1,0.01,0.1,True,1.0,0.004665527873318103,0
pccv2_n03_distractors_r10,5,0.01,0.1,True,1.0,0.02912894595422156,0
pccv2_n03_distractors_r11,4,0.01,0.1,True,1.0,0.0008066056159926776,0
pccv2_n03_distractors_r12,3,0.01,0.1,False,4.0,0.20957616644497928,1
pccv2_n03_distractors_r13,2,0.01,0.1,True,1.0,0.050371821727223015,0
pccv2_n03_distractors_r14,1,0.01,0.1,True,1.0,-0.020531095619728164,0
pccv2_n03_distractors_r15,5,0.01,0.1,False,4.0,0.40723837293864296,1
pccv2_n03_distractors_r16,4,0.01,0.1,True,1.0,0.014063125225151603,0
pccv2_n03_distractors_r17,3,0.01,0.1,False,4.0,0.28534187008060125,1
pccv2_n03_distractors_r18,2,0.01,0.1,False,4.0,0.28205341465689115,1
pccv2_n03_distractors_r19,1,0.01,0.1,False,4.0,0.41458620846692407,1
pccv2_n03_grid_r00,5,0.01,0.1,True,1.0,0.036040980100987295,0
pccv2_n03_grid_r01,4,0.01,0.1,True,1.0,0.09237374517746416,0
pccv2_n03_grid_r02,3,0.01,0.1,True,1.0,0.028919260993418336,0
pccv2_n03_grid_r03,2,0.01,0.1,True,1.0,0.038596479001678535,0
pccv2_n03_grid_r04,1,0.01,0.1,True,1.0,0.040157332692601015,0
pccv2_n03_grid_r05,5,0.01,0.1,True,1.0,0.03424227114318664,0
pccv2_n03_grid_r06,4,0.01,0.1,True,4.0,0.1903293272875966,0
pccv2_n03_grid_r07,3,0.01,0.1,True,1.0,0.011352537928084203,0
pccv2_n03_grid_r08,2,0.01,0.1,True,1.0,0.033289146436916855,0
pccv2_n03_grid_r09,1,0.01,0.1,True,1.0,0.03879523069614609,0
pccv2_n03_grid_r10,5,0.01,0.1,True,1.0,0.010337909292223633,0
pccv2_n03_grid_r11,4,0.01,0.1,True,1.0,0.04127318158593775,0
pccv2_n03_grid_r12,3,0.01,0.1,True,1.0,0.03136606159630516,0
pccv2_n03_grid_r13,2,0.01,0.1,True,1.0,0.030592804018822056,0
pccv2_n03_grid_r14,1,0.01,0.1,True,1.0,0.06140545311268169,0
pccv2_n03_grid_r15,5,0.01,0.1,True,1.0,0.02983478499213129,0
pccv2_n03_grid_r16,4,0.01,0.1,True,1.0,0.0785732875284515,0
pccv2_n03_grid_r17,3,0.01,0.1,True,1.0,0.035295850851056895,0
pccv2_n03_grid_r18,2,0.01,0.1,True,1.0,0.01909359203448427,0
pccv2_n03_grid_r19,1,0.01,0.1,True,1.0,0.03817155149946116,0
pccv2_n03_random_sparse_r00,5,0.01,0.1,True,4.0,0.2780228355578086,0
pccv2_n03_random_sparse_r01,4,0.01,0.1,True,1.0,0.07331869566751875,0
pccv2_n03_random_sparse_r02,3,0.01,0.1,True,1.0,0.02028121028084283,0
pccv2_n03_random_sparse_r03,2,0.01,0.1,True,1.0,0.031531015200785856,0
pccv2_n03_random_sparse_r04,1,0.01,0.1,True,4.0,0.33062694580749813,-1
pccv2_n03_random_sparse_r05,5,0.01,0.1,True,4.0,0.2746542720541632,0
pccv2_n03_random_sparse_r06,4,0.01,0.1,True,4.0,0.10503330798164445,0
pccv2_n03_random_sparse_r07,3,0.01,0.1,True,1.0,0.047250799992166956,0
pccv2_n03_random_sparse_r08,2,0.01,0.1,True,4.0,0.16504701012597495,0
pccv2_n03_random_sparse_r09,1,0.01,0.1,True,1.0,0.047610013636368624,0
pccv2_n03_random_sparse_r10,5,0.01,0.1,True,1.0,0.027827757849496614,0
pccv2_n03_random_sparse_r11,4,0.01,0.1,True,1.0,0.036208321715253025,0
pccv2_n03_random_sparse_r12,3,0.01,0.1,True,1.0,0.09012747067098643,0
pccv2_n03_random_sparse_r13,2,0.01,0.1,True,4.0,0.13676033033288787,0
pccv2_n03_random_sparse_r14,1,0.01,0.1,True,1.0,0.05274782192463278,0
pccv2_n03_random_sparse_r15,5,0.01,0.1,True,1.0,0.03148827831293385,0
pccv2_n03_random_sparse_r16,4,0.01,0.1,True,4.0,0.1549726429240027,0
pccv2_n03_random_sparse_r17,3,0.01,0.1,True,4.0,0.12171876942942188,0
pccv2_n03_random_sparse_r18,2,0.01,0.1,True,1.0,0.05992818913059332,0
pccv2_n03_random_sparse_r19,1,0.01,0.1,True,1.0,0.03911926955912647,0
pccv2_n03_row_r00,5,0.01,0.1,True,4.0,0.10912763090229305,0
pccv2_n03_row_r01,4,0.01,0.1,True,4.0,0.22187428882883126,0
pccv2_n03_row_r02,3,0.01,0.1,True,4.0,0.10040893133567334,0
pccv2_n03_row_r03,2,0.01,0.1,True,1.0,0.0696784054841813,0
pccv2_n03_row_r04,1,0.01,0.1,True,4.0,0.11424720304079705,0
pccv2_n03_row_r05,5,0.01,0.1,True,4.0,0.13353655518338045,0
pccv2_n03_row_r06,4,0.01,0.1,True,4.0,0.1680732049403782,0
pccv2_n03_row_r07,3,0.01,0.1,True,1.0,0.09740843282402167,0
pccv2_n03_row_r08,2,0.01,0.1,True,1.0,0.09006627161325137,0
pccv2_n03_row_r09,1,0.01,0.1,True,4.0,0.164435345888574,0
pccv2_n03_row_r10,5,0.01,0.1,True,4.0,0.12679402632159878,0
pccv2_n03_row_r11,4,0.01,0.1,True,4.0,0.20466282436939803,0
pccv2_n03_row_r12,3,0.01,0.1,True,1.0,0.08169235182905621,0
pccv2_n03_row_r13,2,0.01,0.1,True,4.0,0.1091761712843286,0
pccv2_n03_row_r14,1,0.01,0.1,True,4.0,0.1198246995629138,0
pccv2_n03_row_r15,5,0.01,0.1,True,1.0,0.08894642866895994,0
pccv2_n03_row_r16,4,0.01,0.1,True,4.0,0.1311220880816163,0
pccv2_n03_row_r17,3,0.01,0.1,True,4.0,0.13430074471705386,0
pccv2_n03_row_r18,2,0.01,0.1,True,4.0,0.10344442666405257,0
pccv2_n03_row_r19,1,0.01,0.1,True,4.0,0.13709374558165083,0
pccv2_n04_dense_r00,5,0.01,0.1,True,1.0,0.07669482788325023,0
pccv2_n04_dense_r01,4,0.01,0.1,True,1.0,-0.0656342487193798,0
pccv2_n04_dense_r02,3,0.01,0.1,True,1.0,-0.06088936877733225,0
pccv2_n04_dense_r03,2,0.01,0.1,True,1.0,-0.011870472762103818,0
pccv2_n04_dense_r04,1,0.01,0.1,True,1.0,0.06119649566444129,0
pccv2_n04_dense_r05,5,0.01,0.1,False,4.0,0.32474440187320286,1
pccv2_n04_dense_r06,4,0.01,0.1,True,1.0,-0.006216829539669495,0
pccv2_n04_dense_r07,3,0.01,0.1,False,4.0,0.3242390588954995,1
pccv2_n04_dense_r08,2,0.01,0.1,False,4.0,0.33026875126234206,1
pccv2_n04_dense_r09,1,0.01,0.1,True,1.0,0.07103492167049563,0
pccv2_n04_dense_r10,5,0.01,0.1,True,4.0,0.17431266391892175,0
pccv2_n04_dense_r11,4,0.01,0.1,True,1.0,-0.05818217722122969,0
pccv2_n04_dense_r12,3,0.01,0.1,True,4.0,0.28337076939430056,0
pccv2_n04_dense_r13,2,0.01,0.1,True,1.0,-0.028477683400404658,0
pccv2_n04_dense_r14,1,0.01,0.1,True,1.0,-0.0030049327112646827,0
pccv2_n04_dense_r15,5,0.01,0.1,True,1.0,-0.01909145821723838,0
pccv2_n04_dense_r16,4,0.01,0.1,True,1.5,0.1764480028827408,0
pccv2_n04_dense_r17,3,0.01,0.1,True,1.0,0.003945171685251119,0
pccv2_n04_dense_r18,2,0.01,0.1,True,4.0,0.17954027719022342,0
pccv2_n04_dense_r19,1,0.01,0.1,True,1.0,0.040759867283107924,0
pccv2_n04_distractors_r00,5,0.01,0.1,True,1.0,-0.10879945897360248,0
pccv2_n04_distractors_r01,4,0.01,0.1,False,1.0,-0.23975491524923162,0
pccv2_n04_distractors_r02,3,0.01,0.1,True,1.0,-0.006002105076125579,0
pccv2_n04_distractors_r03,2,0.01,0.1,True,1.0,-0.13410893644288965,0
pccv2_n04_distractors_r04,1,0.01,0.1,False,1.0,-0.06426397174746719,0
pccv2_n04_distractors_r05,5,0.01,0.1,True,1.0,-0.10279761138617281,0
pccv2_n04_distractors_r06,4,0.01,0.1,False,1.0,-0.08713363069899814,0
pccv2_n04_distractors_r07,3,0.01,0.1,False,1.0,0.042695003199600116,0
pccv2_n04_distractors_r08,2,0.01,0.1,True,4.0,0.1153433386847667,0
pccv2_n04_distractors_r09,1,0.01,0.1,False,4.0,0.3808747453377138,0
pccv2_n04_distractors_r10,5,0.01,0.1,True,1.0,-0.027118802122308473,0
pccv2_n04_distractors_r11,4,0.01,0.1,False,1.0,-0.07191953444389373,0
pccv2_n04_distractors_r12,3,0.01,0.1,False,1.0,-0.017278232330326597,0
pccv2_n04_distractors_r13,2,0.01,0.1,True,1.0,-1.616943070004526,0
pccv2_n04_distractors_r14,1,0.01,0.1,False,1.0,-0.006035077304696308,0
pccv2_n04_distractors_r15,5,0.01,0.1,True,1.0,-0.08403178473006052,0
pccv2_n04_distractors_r16,4,0.01,0.1,True,1.0,-0.24871518763921502,0
pccv2_n04_distractors_r17,3,0.01,0.1,True,1.0,-0.12499641066005562,0
pccv2_n04_distractors_r18,2,0.01,0.1,False,1.0,-0.37285829596780334,0
pccv2_n04_distractors_r19,1,0.01,0.1,True,1.0,-0.11251836073186568,0
pccv2_n04_grid_r00,5,0.01,0.1,True,1.0,-0.03497665431965561,0
pccv2_n04_grid_r01,4,0.01,0.1,False,4.0,0.5480053633188673,1
pccv2_n04_grid_r02,3,0.01,0.1,False,4.0,0.4917843610634279,1
pccv2_n04_grid_r03,2,0.01,0.1,False,4.0,0.5096987636300072,1
pccv2_n04_grid_r04,1,0.01,0.1,False,4.0,0.47730471619889014,1
pccv2_n04_grid_r05,5,0.01,0.1,False,4.0,0.4464160579056027,1
pccv2_n04_grid_r06,4,0.01,0.1,False,4.0,0.5192229418845802,1
pccv2_n04_grid_r07,3,0.01,0.1,True,1.0,-0.015329198255909499,0
pccv2_n04_grid_r08,2,0.01,0.1,True,1.0,-0.032184109630845475,0
pccv2_n04_grid_r09,1,0.01,0.1,False,4.0,0.5029960628821459,1
pccv2_n04_grid_r10,5,0.01,0.1,True,1.0,-0.02703891190644906,0
pccv2_n04_grid_r11,4,0.01,0.1,True,1.0,-0.029065003619364687,0
pccv2_n04_grid_r12,3,0.01,0.1,False,4.0,0.4460560815546141,1
pccv2_n04_grid_r13,2,0.01,0.1,True,1.0,-0.02808447479124626,0
pccv2_n04_grid_r14,1,0.01,0.1,True,1.0,0.034305903642824646,0
pccv2_n04_grid_r15,5,0.01,0.1,True,1.0,-0.03872550706693104,0
pccv2_n04_grid_r16,4,0.01,0.1,True,4.0,0.13198865959667588,0
pccv2_n04_grid_r17,3,0.01,0.1,False,4.0,0.28083210913790324,0
pccv2_n04_grid_r18,2,0.01,0.1,False,4.0,0.43248710480932,1
pccv2_n04_grid_r19,1,0.01,0.1,True,1.0,-0.014373481939187424,0
pccv2_n04_random_sparse_r00,5,0.01,0.1,True,1.0,0.014713255264217193,0
pccv2_n04_random_sparse_r01,4,0.01,0.1,True,1.0,0.06257987534731635,0
pccv2_n04_random_sparse_r02,3,0.01,0.1,True,1.0,0.09774761426110394,0
pccv2_n04_random_sparse_r03,2,0.01,0.1,True,1.0,0.006281329881665438,0
pccv2_n04_random_sparse_r04,1,0.01,0.1,True,4.0,0.13752953496020343,0
pccv2_n04_random_sparse_r05,5,0.01,0.1,False,2.0,0.19455430584481168,1
pccv2_n04_random_sparse_r06,4,0.01,0.1,True,4.0,0.1855160530625669,0
pccv2_n04_random_sparse_r07,3,0.01,0.1,True,4.0,0.3059996776253637,0
pccv2_n04_random_sparse_r08,2,0.01,0.1,True,4.0,0.14875438590822648,0
pccv2_n04_random_sparse_r09,1,0.01,0.1,True,1.0,0.09798652135681107,0
pccv2_n04_random_sparse_r10,5,0.01,0.1,True,4.0,0.13271480575278224,0
pccv2_n04_random_sparse_r11,4,0.01,0.1,True,1.0,-0.023152045551197303,0
pccv2_n04_random_sparse_r12,3,0.01,0.1,True,1.0,-0.008647759090167807,0
pccv2_n04_random_sparse_r13,2,0.01,0.1,True,1.0,0.07604519228674039,0
pccv2_n04_random_sparse_r14,1,0.01,0.1,True,4.0,0.19052746638238388,0
pccv2_n04_random_sparse_r15,5,0.01,0.1,True,4.0,0.11220350610316494,0
pccv2_n04_random_sparse_r16,4,0.01,0.1,True,4.0,0.15156431769393391,0
pccv2_n04_random_sparse_r17,3,0.01,0.1,True,1.0,-0.05975896148698297,0
pccv2_n04_random_sparse_r18,2,0.01,0.1,True,1.0,0.023472045034700184,0
pccv2_n04_random_sparse_r19,1,0.01,0.1,True,4.0,0.3874010947096975,0
pccv2_n04_row_r00,5,0.01,0.1,True,1.0,-0.02501290830931361,0
pccv2_n04_row_r01,4,0.01,0.1,True,1.0,-0.040042086575311595,0
pccv2_n04_row_r02,3,0.01,0.1,True,1.0,-0.032234702858795275,0
pccv2_n04_row_r03,2,0.01,0.1,True,1.0,-0.030804531589026046,0
pccv2_n04_row_r04,1,0.01,0.1,True,1.0,0.0006823903799797384,0
pccv2_n04_row_r05,5,0.01,0.1,True,1.0,-0.037287311953974646,0
pccv2_n04_row_r06,4,0.01,0.1,True,1.0,-0.03887650485700965,0
pccv2_n04_row_r07,3,0.01,0.1,False,4.0,0.5279967719050287,1
pccv2_n04_row_r08,2,0.01,0.1,True,1.0,0.02742759516862031,0
pccv2_n04_row_r09,1,0.01,0.1,True,1.0,-0.014289068455755513,0
pccv2_n04_row_r10,5,0.01,0.1,True,1.0,-0.03531519404165199,0
pccv2_n04_row_r11,4,0.01,0.1,True,1.0,-0.026709500464661567,0
pccv2_n04_row_r12,3,0.01,0.1,True,1.0,-0.02241851588644407,0
pccv2_n04_row_r13,2,0.01,0.1,True,1.0,-0.00575661866845109,0
pccv2_n04_row_r14,1,0.01,0.1,True,1.0,-0.005772302800500348,0
pccv2_n04_row_r15,5,0.01,0.1,True,1.0,-0.022717744177689465,0
pccv2_n04_row_r16,4,0.01,0.1,True,1.0,0.06925475715935236,0
pccv2_n04_row_r17,3,0.01,0.1,True,1.0,-0.017715409570165278,0
pccv2_n04_row_r18,2,0.01,0.1,True,1.0,-0.02435243674127205,0
pccv2_n04_row_r19,1,0.01,0.1,True,1.0,-0.018269042102445184,0
pccv2_n05_dense_r00,5,0.01,0.1,False,4.0,0.36873617745328763,1
pccv2_n05_dense_r01,4,0.01,0.1,True,1.0,0.09238336932570362,0
pccv2_n05_dense_r02,3,0.01,0.1,False,4.0,0.32550418618460886,0
pccv2_n05_dense_r03,2,0.01,0.1,False,4.0,0.1394283164076196,0
pccv2_n05_dense_r04,1,0.01,0.1,True,1.0,0.024681234784747638,0
pccv2_n05_dense_r05,5,0.01,0.1,True,1.0,-0.022582942686685994,0
pccv2_n05_dense_r06,4,0.01,0.1,False,4.0,0.5770838741312645,1
pccv2_n05_dense_r07,3,0.01,0.1,False,4.0,0.5397102659362524,1
pccv2_n05_dense_r08,2,0.01,0.1,False,4.0,0.16574804799698123,0
pccv2_n05_dense_r09,1,0.01,0.1,False,4.0,0.1476873830780024,0
pccv2_n05_dense_r10,5,0.01,0.1,True,1.0,0.05684294179334138,0
pccv2_n05_dense_r11,4,0.01,0.1,True,1.0,0.024707026103679197,0
pccv2_n05_dense_r12,3,0.01,0.1,False,1.0,0.011283280452172128,0
pccv2_n05_dense_r13,2,0.01,0.1,False,4.0,0.4058135282623394,1
pccv2_n05_dense_r14,1,0.01,0.1,True,1.0,-0.008302010266369078,0
pccv2_n05_dense_r15,5,0.01,0.1,False,4.0,0.20186124650522574,0
pccv2_n05_dense_r16,4,0.01,0.1,False,4.0,0.5640787869319941,1
pccv2_n05_dense_r17,3,0.01,0.1,True,1.0,-0.054684575177986465,0
pccv2_n05_dense_r18,2,0.01,0.1,True,1.0,-0.020879706202064113,0
pccv2_n05_dense_r19,1,0.01,0.1,True,1.0,-0.02995539214450628,0
pccv2_n05_distractors_r00,5,0.01,0.1,False,1.0,-0.06942157866543242,0
pccv2_n05_distractors_r01,4,0.01,0.1,False,1.0,-0.03159924034941934,0
pccv2_n05_distractors_r02,3,0.01,0.1,True,1.0,0.0654466915413599,0
pccv2_n05_distractors_r03,2,0.01,0.1,True,1.0,0.06693382929314953,0
pccv2_n05_distractors_r04,1,0.01,0.1,False,1.0,-0.17631979073995116,0
pccv2_n05_distractors_r05,5,0.01,0.1,True,1.0,0.09268063385291646,0
pccv2_n05_distractors_r06,4,0.01,0.1,False,1.0,-0.10567733206001005,0
pccv2_n05_distractors_r07,3,0.01,0.1,False,1.0,0.031982695544208316,0
pccv2_n05_distractors_r08,2,0.01,0.1,False,1.0,-0.1168191873832171,0
pccv2_n05_distractors_r09,1,0.01,0.1,False,1.0,-0.07715298993098339,0
pccv2_n05_distractors_r10,5,0.01,0.1,False,1.0,-0.020582491468601395,0
pccv2_n05_distractors_r11,4,0.01,0.1,False,1.0,-0.1409392993266982,0
pccv2_n05_distractors_r12,3,0.01,0.1,True,1.0,0.0027461092064796147,0
pccv2_n05_distractors_r13,2,0.01,0.1,True,2.0,0.15651189172477778,-1
pccv2_n05_distractors_r14,1,0.01,0.1,True,1.0,-0.1898845006292278,0
pccv2_n05_distractors_r15,5,0.01,0.1,False,1.0,-0.09680488756896055,0
pccv2_n05_distractors_r16,4,0.01,0.1,False,1.0,-0.12919006245155082,0
pccv2_n05_distractors_r17,3,0.01,0.1,False,1.0,0.044163976867166506,0
pccv2_n05_distractors_r18,2,0.01,0.1,True,1.0,-0.23042913840029516,0
pccv2_n05_distractors_r19,1,0.01,0.1,False,1.0,-0.21951416039178892,0
pccv2_n05_grid_r00,5,0.01,0.1,True,4.0,0.24113687703460351,0
pccv2_n05_grid_r01,4,0.01,0.1,False,4.0,0.2970629043256454,0
pccv2_n05_grid_r02,3,0.01,0.1,False,4.0,0.4322921124258394,0
pccv2_n05_grid_r03,2,0.01,0.1,False,4.0,0.3211982224171011,0
pccv2_n05_grid_r04,1,0.01,0.1,False,4.0,0.3634529245675817,0
pccv2_n05_grid_r05,5,0.01,0.1,False,4.0,0.41291049576894645,1
pccv2_n05_grid_r06,4,0.01,0.1,False,4.0,0.6970923925610688,1
pccv2_n05_grid_r07,3,0.01,0.1,True,1.0,-0.04465883857969501,0
pccv2_n05_grid_r08,2,0.01,0.1,False,4.0,0.5952402957420013,1
pccv2_n05_grid_r09,1,0.01,0.1,True,1.0,0.09611268821423341,0
pccv2_n05_grid_r10,5,0.01,0.1,False,4.0,0.5647374393014942,1
pccv2_n05_grid_r11,4,0.01,0.1,True,1.0,0.03200632385528995,0
pccv2_n05_grid_r12,3,0.01,0.1,False,4.0,0.42257736002238616,0
pccv2_n05_grid_r13,2,0.01,0.1,False,4.0,0.3014256613940883,0
pccv2_n05_grid_r14,1,0.01,0.1,True,1.0,-0.02162123005500783,0
pccv2_n05_grid_r15,5,0.01,0.1,False,4.0,0.3610293359683482,0
pccv2_n05_grid_r16,4,0.01,0.1,True,1.0,-0.041676009153225856,0
pccv2_n05_grid_r17,3,0.01,0.1,True,1.0,0.0451416061803258,0
pccv2_n05_grid_r18,2,0.01,0.1,True,4.0,0.441408848254841,0
pccv2_n05_grid_r19,1,0.01,0.1,False,4.0,0.5602046433410481,1
pccv2_n05_random_sparse_r00,5,0.01,0.1,True,4.0,1.427486370573183,0
pccv2_n05_random_sparse_r01,4,0.01,0.1,True,4.0,0.3740647416389594,0
pccv2_n05_random_sparse_r02,3,0.01,0.1,True,1.0,0.02031926200444257,0
pccv2_n05_random_sparse_r03,2,0.01,0.1,True,1.0,-0.034191495183066495,0
pccv2_n05_random_sparse_r04,1,0.01,0.1,True,1.0,0.00228206123909884,0
pccv2_n05_random_sparse_r05,5,0.01,0.1,True,1.0,0.054676738076665135,0
pccv2_n05_random_sparse_r06,4,0.01,0.1,True,4.0,0.15716306446825795,0
pccv2_n05_random_sparse_r07,3,0.01,0.1,True,4.0,0.2791428420428191,0
pccv2_n05_random_sparse_r08,2,0.01,0.1,True,4.0,1.1363720647161633,0
pccv2_n05_random_sparse_r09,1,0.01,0.1,True,1.0,0.0025885688694516767,0
pccv2_n05_random_sparse_r10,5,0.01,0.1,True,1.0,0.07338273151786577,0
pccv2_n05_random_sparse_r11,4,0.01,0.1,True,4.0,0.37020402143286224,0
pccv2_n05_random_sparse_r12,3,0.01,0.1,True,4.0,0.14323742284040059,0
pccv2_n05_random_sparse_r13,2,0.01,0.1,True,1.0,0.04323414770680696,0
pccv2_n05_random_sparse_r14,1,0.01,0.1,True,1.0,-0.011278198650264035,0
pccv2_n05_random_sparse_r15,5,0.01,0.1,True,1.0,0.0009518629864810474,0
pccv2_n05_random_sparse_r16,4,0.01,0.1,True,4.0,0.12800095773750347,0
pccv2_n05_random_sparse_r17,3,0.01,0.1,True,1.0,-0.04674477231187462,0
pccv2_n05_random_sparse_r18,2,0.01,0.1,True,1.0,-0.022358019485565414,0
pccv2_n05_random_sparse_r19,1,0.01,0.1,True,4.0,0.17146834878017098,0
pccv2_n05_row_r00,5,0.01,0.1,True,1.0,-0.010075847353010182,0
pccv2_n05_row_r01,4,0.01,0.1,False,4.0,0.2277563382494378,0
pccv2_n05_row_r02,3,0.01,0.1,False,4.0,0.24990367617723516,0
pccv2_n05_row_r03,2,0.01,0.1,False,4.0,0.7719958516684098,1
pccv2_n05_row_r04,1,0.01,0.1,True,1.0,0.06274002189585542,0
pccv2_n05_row_r05,5,0.01,0.1,True,1.0,-0.056133400380872035,0
pccv2_n05_row_r06,4,0.01,0.1,False,4.0,0.5712726353833224,1
pccv2_n05_row_r07,3,0.01,0.1,True,1.0,-0.05247620973017854,0
pccv2_n05_row_r08,2,0.01,0.1,False,4.0,0.4783674717422978,0
pccv2_n05_row_r09,1,0.01,0.1,False,4.0,0.5953022845017393,1
pccv2_n05_row_r10,5,0.01,0.1,True,1.0,-0.015066253187548808,0
pccv2_n05_row_r11,4,0.01,0.1,False,4.0,0.555427643394957,1
pccv2_n05_row_r12,3,0.01,0.1,False,4.0,0.5694657908944908,1
pccv2_n05_row_r13,2,0.01,0.1,False,4.0,0.28253582224513146,0
pccv2_n05_row_r14,1,0.01,0.1,False,4.0,0.5042439165349636,0
pccv2_n05_row_r15,5,0.01,0.1,False,4.0,0.37997796125553684,0
pccv2_n05_row_r16,4,0.01,0.1,False,4.0,0.4712364648220299,1
pccv2_n05_row_r17,3,0.01,0.1,False,4.0,0.4623642459002955,0
pccv2_n05_row_r18,2,0.01,0.1,False,4.0,0.5191539600510364,1
pccv2_n05_row_r19,1,0.01,0.1,False,4.0,0.5272755966182717,1
pccv2_n06_dense_r00,5,0.01,0.1,False,4.0,0.15766737895183405,0
pccv2_n06_dense_r01,4,0.01,0.1,False,4.0,0.44292917470799015,1
pccv2_n06_dense_r02,3,0.01,0.1,True,4.0,0.2525163591280311,0
pccv2_n06_dense_r03,2,0.01,0.1,False,4.0,0.37965848695583043,1
pccv2_n06_dense_r04,1,0.01,0.1,True,1.0,0.026076625054928956,0
pccv2_n06_dense_r05,5,0.01,0.1,False,4.0,0.5527773509206213,1
pccv2_n06_dense_r06,4,0.01,0.1,False,1.0,-0.003128972558187724,0
pccv2_n06_dense_r07,3,0.01,0.1,False,4.0,0.44922752752584155,1
pccv2_n06_dense_r08,2,0.01,0.1,True,1.0,-0.036185408463963314,0
pccv2_n06_dense_r09,1,0.01,0.1,False,4.0,0.5533024856387848,1
pccv2_n06_dense_r10,5,0.01,0.1,True,4.0,0.20481205316371418,0
pccv2_n06_dense_r11,4,0.01,0.1,False,4.0,0.22293100307562214,0
pccv2_n06_dense_r12,3,0.01,0.1,False,4.0,0.14987724721614698,0
pccv2_n06_dense_r13,2,0.01,0.1,True,1.0,0.07458939047245135,0
pccv2_n06_dense_r14,1,0.01,0.1,False,1.0,0.024721193429891916,0
pccv2_n06_dense_r15,5,0.01,0.1,False,1.0,0.07552219338516585,0
pccv2_n06_dense_r16,4,0.01,0.1,False,4.0,0.36084444037481295,1
pccv2_n06_dense_r17,3,0.01,0.1,False,1.0,0.012050025700167173,0
pccv2_n06_dense_r18,2,0.01,0.1,True,4.0,0.32533853367565996,0
pccv2_n06_dense_r19,1,0.01,0.1,False,4.0,0.1546419624541578,0
pccv2_n06_distractors_r00,5,0.01,0.1,True,1.0,-0.011378213134226003,0
pccv2_n06_distractors_r01,4,0.01,0.1,True,1.0,-0.04459545275682099,0
pccv2_n06_distractors_r02,3,0.01,0.1,True,1.0,-0.018854663151824207,0
pccv2_n06_distractors_r03,2,0.01,0.1,True,1.0,0.04187891240539478,0
pccv2_n06_distractors_r04,1,0.01,0.1,True,1.0,-0.046129649302786555,0
pccv2_n06_distractors_r05,5,0.01,0.1,False,1.0,0.09146512680089554,0
pccv2_n06_distractors_r06,4,0.01,0.1,True,1.0,-0.018963493813150212,0
pccv2_n06_distractors_r07,3,0.01,0.1,True,1.0,0.016714769540131166,0
pccv2_n06_distractors_r08,2,0.01,0.1,True,0.0,0.2208016043645437,0
pccv2_n06_distractors_r09,1,0.01,0.1,False,1.0,-0.01967188452299707,0
pccv2_n06_distractors_r10,5,0.01,0.1,True,1.0,0.09987844898503463,0
pccv2_n06_distractors_r11,4,0.01,0.1,True,1.0,-0.0278691935162947,0
pccv2_n06_distractors_r12,3,0.01,0.1,False,1.0,-0.036305700567234825,0
pccv2_n06_distractors_r13,2,0.01,0.1,True,1.0,0.02210426455381294,0
pccv2_n06_distractors_r14,1,0.01,0.1,True,1.0,-0.039947484511278566,0
pccv2_n06_distractors_r15,5,0.01,0.1,True,1.0,-0.05774336074735782,0
pccv2_n06_distractors_r16,4,0.01,0.1,True,1.0,-0.10032327845682208,0
pccv2_n06_distractors_r17,3,0.01,0.1,True,1.0,-0.0272789898422428,0
pccv2_n06_distractors_r18,2,0.01,0.1,True,1.0,0.004127060532370858,0
pccv2_n06_distractors_r19,1,0.01,0.1,False,1.0,-0.23429897775377928,0
pccv2_n06_grid_r00,5,0.01,0.1,False,2.0,0.2789011652779071,1
pccv2_n06_grid_r01,4,0.01,0.1,True,1.0,0.0004295744225011333,0
pccv2_n06_grid_r02,3,0.01,0.1,True,1.0,-0.0719771936912566,0
pccv2_n06_grid_r03,2,0.01,0.1,True,4.0,0.24797282770556256,0
pccv2_n06_grid_r04,1,0.01,0.1,True,1.0,-0.05584132088708807,0
pccv2_n06_grid_r05,5,0.01,0.1,True,1.0,-0.07267627839798262,0
pccv2_n06_grid_r06,4,0.01,0.1,True,1.0,-0.08943770502662768,0
pccv2_n06_grid_r07,3,0.01,0.1,True,1.0,0.003844041534845898,0
pccv2_n06_grid_r08,2,0.01,0.1,False,4.0,0.51562479848272,1
pccv2_n06_grid_r09,1,0.01,0.1,True,1.0,-0.020545885051203985,0
pccv2_n06_grid_r10,5,0.01,0.1,False,4.0,0.3687983717931893,1
pccv2_n06_grid_r11,4,0.01,0.1,True,1.0,0.03284361467705471,0
pccv2_n06_grid_r12,3,0.01,0.1,False,4.0,0.44114798614291256,1
pccv2_n06_grid_r13,2,0.01,0.1,True,1.0,-0.007020674382064718,0
pccv2_n06_grid_r14,1,0.01,0.1,True,1.0,-0.002596109740223935,0
pccv2_n06_grid_r15,5,0.01,0.1,True,1.0,-0.026907805293412183,0
pccv2_n06_grid_r16,4,0.01,0.1,True,1.0,-0.059117109988358896,0
pccv2_n06_grid_r17,3,0.01,0.1,False,2.0,0.39115237638982825,1
pccv2_n06_grid_r18,2,0.01,0.1,True,4.0,0.24545559654321275,0
pccv2_n06_grid_r19,1,0.01,0.1,True,1.0,0.0008739149044849227,0
pccv2_n06_random_sparse_r00,5,0.01,0.1,True,4.0,0.18078988299187732,0
pccv2_n06_random_sparse_r01,4,0.01,0.1,True,4.0,0.11973101023634584,0
pccv2_n06_random_sparse_r02,3,0.01,0.1,True,1.0,0.025362487133994867,0
pccv2_n06_random_sparse_r03,2,0.01,0.1,True,1.0,0.03783297967266104,0
pccv2_n06_random_sparse_r04,1,0.01,0.1,True,4.0,0.1512141972427905,0
pccv2_n06_random_sparse_r05,5,0.01,0.1,True,4.0,0.18406332034705808,0
pccv2_n06_random_sparse_r06,4,0.01,0.1,True,1.0,0.04152355092810546,0
pccv2_n06_random_sparse_r07,3,0.01,0.1,False,4.0,0.4281512186403899,1
pccv2_n06_random_sparse_r08,2,0.01,0.1,True,1.0,0.09640972019565525,0
pccv2_n06_random_sparse_r09,1,0.01,0.1,True,4.0,0.1072416506120778,0
pccv2_n06_random_sparse_r10,5,0.01,0.1,True,1.0,-0.02405972173608948,0
pccv2_n06_random_sparse_r11,4,0.01,0.1,True,1.0,0.01516686715702559,0
pccv2_n06_random_sparse_r12,3,0.01,0.1,False,4.0,0.4955486942247576,1
pccv2_n06_random_sparse_r13,2,0.01,0.1,True,4.0,0.16209166020697469,0
pccv2_n06_random_sparse_r14,1,0.01,0.1,True,4.0,0.19816373393894987,0
pccv2_n06_random_sparse_r15,5,0.01,0.1,False,4.0,0.5611180325313068,1
pccv2_n06_random_sparse_r16,4,0.01,0.1,True,4.0,0.1016647154678188,0
pccv2_n06_random_sparse_r17,3,0.01,0.1,True,4.0,0.1791782267622251,0
pccv2_n06_random_sparse_r18,2,0.01,0.1,False,4.0,0.7128830146129712,1
pccv2_n06_random_sparse_r19,1,0.01,0.1,True,1.0,-0.0026912788904161072,0
pccv2_n06_row_r00,5,0.01,0.1,False,1.0,0.07465732380883904,0
pccv2_n06_row_r01,4,0.01,0.1,False,4.0,0.1285888977679565,0
pccv2_n06_row_r02,3,0.01,0.1,False,4.0,0.18453867344246447,0
pccv2_n06_row_r03,2,0.01,0.1,False,1.0,0.05628711267663973,0
pccv2_n06_row_r04,1,0.01,0.1,False,4.0,0.10543747618438132,0
pccv2_n06_row_r05,5,0.01,0.1,False,4.0,0.2501845090336602,0
pccv2_n06_row_r06,4,0.01,0.1,False,4.0,0.2671414545500979,0
pccv2_n06_row_r07,3,0.01,0.1,False,4.0,0.23799595551065214,0
pccv2_n06_row_r08,2,0.01,0.1,False,4.0,0.1831342668858144,0
pccv2_n06_row_r09,1,0.01,0.1,False,1.0,0.030671555005147386,0
pccv2_n06_row_r10,5,0.01,0.1,False,1.0,0.07861809859937781,0
pccv2_n06_row_r11,4,0.01,0.1,False,1.0,0.06914196912555198,0
pccv2_n06_row_r12,3,0.01,0.1,False,1.0,0.09296546254078199,0
pccv2_n06_row_r13,2,0.01,0.1,False,4.0,0.10274409264623191,0
pccv2_n06_row_r14,1,0.01,0.1,False,1.0,0.03812034836272775,0
pccv2_n06_row_r15,5,0.01,0.1,False,1.0,0.06884248418612286,0
pccv2_n06_row_r16,4,0.01,0.1,False,4.0,0.2120874761833862,0
pccv2_n06_row_r17,3,0.01,0.1,False,1.0,0.02032000952453645,0
pccv2_n06_row_r18,2,0.01,0.1,False,4.0,0.19102522405446104,0
pccv2_n06_row_r19,1,0.01,0.1,False,4.0,0.3396108982593967,0
pccv2_n07_dense_r00,5,0.01,0.1,False,1.0,0.021199550689568206,0
pccv2_n07_dense_r01,4,0.01,0.1,False,1.0,0.0812615723419682,0
pccv2_n07_dense_r02,3,0.01,0.1,False,1.0,0.07754280880638426,0
pccv2_n07_dense_r03,2,0.01,0.1,False,4.0,0.24137132901703412,1
pccv2_n07_dense_r04,1,0.01,0.1,False,1.0,0.04271770404390145,0
pccv2_n07_dense_r05,5,0.01,0.1,False,4.0,0.4318654170365289,1
pccv2_n07_dense_r06,4,0.01,0.1,False,4.0,0.39182744878437364,1
pccv2_n07_dense_r07,3,0.01,0.1,False,4.0,0.2736728561983431,1
pccv2_n07_dense_r08,2,0.01,0.1,False,1.0,0.07330310005867964,0
pccv2_n07_dense_r09,1,0.01,0.1,False,1.0,0.06035508231580693,0
pccv2_n07_dense_r10,5,0.01,0.1,False,1.0,0.0913522036688712,0
pccv2_n07_dense_r11,4,0.01,0.1,False,1.0,0.0766926741219076,0
pccv2_n07_dense_r12,3,0.01,0.1,False,4.0,0.13555166114954592,0
pccv2_n07_dense_r13,2,0.01,0.1,False,1.0,0.06956713297587998,0
pccv2_n07_dense_r14,1,0.01,0.1,False,1.0,0.00590932111689961,0
pccv2_n07_dense_r15,5,0.01,0.1,False,1.0,0.0752050920812219,0
pccv2_n07_dense_r16,4,0.01,0.1,False,4.0,0.3300001637119086,1
pccv2_n07_dense_r17,3,0.01,0.1,False,1.0,0.04924499437007374,0
pccv2_n07_dense_r18,2,0.01,0.1,False,1.0,0.05211357230491427,0
pccv2_n07_dense_r19,1,0.01,0.1,False,4.0,0.13376163846471995,1
pccv2_n07_distractors_r00,5,0.01,0.1,True,1.0,-0.011505730410598693,0
pccv2_n07_distractors_r01,4,0.01,0.1,True,1.0,-0.12216794701021493,0
pccv2_n07_distractors_r02,3,0.01,0.1,False,1.0,0.00639604181901194,0
pccv2_n07_distractors_r03,2,0.01,0.1,True,1.0,-0.08952575510686586,0
pccv2_n07_distractors_r04,1,0.01,0.1,False,1.0,-0.027279891025576937,0
pccv2_n07_distractors_r05,5,0.01,0.1,False,1.0,-0.05312868031731314,0
pccv2_n07_distractors_r06,4,0.01,0.1,True,1.0,-0.08972927626240457,0
pccv2_n07_distractors_r07,3,0.01,0.1,False,1.0,-0.1014761904214765,0
pccv2_n07_distractors_r08,2,0.01,0.1,True,1.0,-0.13304298058685746,0
pccv2_n07_distractors_r09,1,0.01,0.1,True,1.0,-0.044623017657985604,0
pccv2_n07_distractors_r10,5,0.01,0.1,True,1.0,0.02480949524873973,0
pccv2_n07_distractors_r11,4,0.01,0.1,True,1.0,0.041808374305383686,0
pccv2_n07_distractors_r12,3,0.01,0.1,True,1.0,-0.14268989038708338,0
pccv2_n07_distractors_r13,2,0.01,0.1,True,1.0,0.0005836976599368502,0
pccv2_n07_distractors_r14,1,0.01,0.1,False,1.0,-0.0632174645531094,0
pccv2_n07_distractors_r15,5,0.01,0.1,True,1.5,0.49795937379430627,-1
pccv2_n07_distractors_r16,4,0.01,0.1,False,1.0,-0.0892090228399976,0
pccv2_n07_distractors_r17,3,0.01,0.1,False,1.0,-0.050709954438828135,0
pccv2_n07_distractors_r18,2,0.01,0.1,False,1.0,0.09997241728302242,0
pccv2_n07_distractors_r19,1,0.01,0.1,False,1.0,-0.04825446873492929,0
pccv2_n07_grid_r00,5,0.01,0.1,False,4.0,0.1990424968993565,0
pccv2_n07_grid_r01,4,0.01,0.1,False,4.0,0.2507818205497118,0
pccv2_n07_grid_r02,3,0.01,0.1,False,4.0,0.16556238906734974,0
pccv2_n07_grid_r03,2,0.01,0.1,False,1.0,0.08919935114660422,0
pccv2_n07_grid_r04,1,0.01,0.1,False,1.0,0.03696513700249836,0
pccv2_n07_grid_r05,5,0.01,0.1,False,4.0,0.41915877008012314,1
pccv2_n07_grid_r06,4,0.01,0.1,False,4.0,0.13112159865983486,0
pccv2_n07_grid_r07,3,0.01,0.1,False,4.0,0.1295457665413833,0
pccv2_n07_grid_r08,2,0.01,0.1,False,4.0,0.10030635334741694,0
pccv2_n07_grid_r09,1,0.01,0.1,False,1.0,0.054370429668889816,0
pccv2_n07_grid_r10,5,0.01,0.1,False,4.0,0.22659726431310312,0
pccv2_n07_grid_r11,4,0.01,0.1,False,4.0,0.14042563656228035,0
pccv2_n07_grid_r12,3,0.01,0.1,False,4.0,0.14997627791447374,0
pccv2_n07_grid_r13,2,0.01,0.1,False,1.0,0.0897522649344988,0
pccv2_n07_grid_r14,1,0.01,0.1,False,4.0,0.2858680713127464,1
pccv2_n07_grid_r15,5,0.01,0.1,False,4.0,0.216278861039821,0
pccv2_n07_grid_r16,4,0.01,0.1,False,4.0,0.23069916331799006,1
pccv2_n07_grid_r17,3,0.01,0.1,False,4.0,0.1399555413999837,0
pccv2_n07_grid_r18,2,0.01,0.1,False,4.0,0.2485262969758087,0
pccv2_n07_grid_r19,1,0.01,0.1,False,4.0,0.1755588081834223,0
pccv2_n07_random_sparse_r00,5,0.01,0.1,False,4.0,0.20877152250034342,1
pccv2_n07_random_sparse_r01,4,0.01,0.1,False,4.0,0.45829471012159084,1
pccv2_n07_random_sparse_r02,3,0.01,0.1,False,4.0,0.12955577252579903,1
pccv2_n07_random_sparse_r03,2,0.01,0.1,False,4.0,0.439431294078483,1
pccv2_n07_random_sparse_r04,1,0.01,0.1,False,4.0,0.3549902096866859,1
pccv2_n07_random_sparse_r05,5,0.01,0.1,False,4.0,0.11647266273122027,0
pccv2_n07_random_sparse_r06,4,0.01,0.1,False,4.0,0.2977582374970094,1
pccv2_n07_random_sparse_r07,3,0.01,0.1,False,4.0,0.14062846407405408,0
pccv2_n07_random_sparse_r08,2,0.01,0.1,False,1.0,0.019813151435423573,0
pccv2_n07_random_sparse_r09,1,0.01,0.1,False,4.0,0.3130875351855327,1
pccv2_n07_random_sparse_r10,5,0.01,0.1,False,1.0,0.04495796522175686,0
pccv2_n07_random_sparse_r11,4,0.01,0.1,False,4.0,0.32769783671720437,1
pccv2_n07_random_sparse_r12,3,0.01,0.1,False,0.0,0.10426336512782847,0
pccv2_n07_random_sparse_r13,2,0.01,0.1,False,4.0,0.3233726594952541,1
pccv2_n07_random_sparse_r14,1,0.01,0.1,False,4.0,0.25790042790751166,1
pccv2_n07_random_sparse_r15,5,0.01,0.1,False,4.0,0.3041273889183673,1
pccv2_n07_random_sparse_r16,4,0.01,0.1,False,1.0,0.05805880557680068,0
pccv2_n07_random_sparse_r17,3,0.01,0.1,False,4.0,0.2520727676943579,1
pccv2_n07_random_sparse_r18,2,0.01,0.1,False,4.0,0.33830200400839605,1
pccv2_n07_random_sparse_r19,1,0.01,0.1,False,1.0,0.07961572163263951,0
pccv2_n07_row_r00,5,0.01,0.1,False,1.0,0.02690568931118041,0
pccv2_n07_row_r01,4,0.01,0.1,False,1.0,0.09336781339964549,0
pccv2_n07_row_r02,3,0.01,0.1,False,1.0,0.07214040624784951,0
pccv2_n07_row_r03,2,0.01,0.1,False,1.0,-0.0009593407616744071,0
pccv2_n07_row_r04,1,0.01,0.1,False,1.0,0.037271555650180685,0
pccv2_n07_row_r05,5,0.01,0.1,False,1.0,-0.04682079396347159,0
pccv2_n07_row_r06,4,0.01,0.1,False,0.0,0.10103621525788693,0
pccv2_n07_row_r07,3,0.01,0.1,False,1.0,-0.05967369308032038,0
pccv2_n07_row_r08,2,0.01,0.1,False,1.0,0.09106043822639259,0
pccv2_n07_row_r09,1,0.01,0.1,False,1.0,0.03805663639189792,0
pccv2_n07_row_r10,5,0.01,0.1,False,1.0,0.04670902734598954,0
pccv2_n07_row_r11,4,0.01,0.1,False,1.0,0.020180034448003606,0
pccv2_n07_row_r12,3,0.01,0.1,False,1.0,-0.00444585927229673,0
pccv2_n07_row_r13,2,0.01,0.1,False,1.0,0.0959103272185859,0
pccv2_n07_row_r14,1,0.01,0.1,False,1.0,0.04752259919760858,0
pccv2_n07_row_r15,5,0.01,0.1,False,1.0,-0.015025169491476545,0
pccv2_n07_row_r16,4,0.01,0.1,False,1.0,0.0936175305376959,0
pccv2_n07_row_r17,3,0.01,0.1,False,1.0,0.05707846993695893,0
pccv2_n07_row_r18,2,0.01,0.1,False,0.0,0.10217630713016719,0
pccv2_n07_row_r19,1,0.01,0.1,False,1.0,0.035378364214498734,0
pccv2_n08_dense_r00,5,0.01,0.1,False,4.0,0.3764865250005156,0
pccv2_n08_dense_r01,4,0.01,0.1,False,4.0,0.185711956146263,0
pccv2_n08_dense_r02,3,0.01,0.1,False,4.0,0.2716437943253069,0
pccv2_n08_dense_r03,2,0.01,0.1,False,1.0,0.025370079717749808,0
pccv2_n08_dense_r04,1,0.01,0.1,False,1.0,0.038427473209899685,0
pccv2_n08_dense_r05,5,0.01,0.1,False,1.0,0.03774208626585353,0
pccv2_n08_dense_r06,4,0.01,0.1,False,4.0,0.40844726273610404,0
pccv2_n08_dense_r07,3,0.01,0.1,False,1.0,-0.06327497554350815,0
pccv2_n08_dense_r08,2,0.01,0.1,False,4.0,0.12652163906724295,0
pccv2_n08_dense_r09,1,0.01,0.1,False,1.0,-0.017710847438031453,0
pccv2_n08_dense_r10,5,0.01,0.1,False,1.0,0.09475014418037715,0
pccv2_n08_dense_r11,4,0.01,0.1,False,1.0,-0.040706190750915916,0
pccv2_n08_dense_r12,3,0.01,0.1,False,4.0,0.3531622736786408,0
pccv2_n08_dense_r13,2,0.01,0.1,False,1.0,-0.05508367956795732,0
pccv2_n08_dense_r14,1,0.01,0.1,False,4.0,0.2553280422617939,0
pccv2_n08_dense_r15,5,0.01,0.1,False,1.0,-0.01065694054632628,0
pccv2_n08_dense_r16,4,0.01,0.1,False,1.0,-0.0024093619312262893,0
pccv2_n08_dense_r17,3,0.01,0.1,False,4.0,0.310608216794081,0
pccv2_n08_dense_r18,2,0.01,0.1,False,1.0,0.06080234254546596,0
pccv2_n08_dense_r19,1,0.01,0.1,False,1.0,0.038244183938763096,0
pccv2_n08_distractors_r00,5,0.01,0.1,True,1.0,0.038597518436116564,0
pccv2_n08_distractors_r01,4,0.01,0.1,False,1.0,-0.04788384529407218,0
pccv2_n08_distractors_r02,3,0.01,0.1,False,1.0,0.09271698916696734,0
pccv2_n08_distractors_r03,2,0.01,0.1,True,2.0,0.23001851215722094,-1
pccv2_n08_distractors_r04,1,0.01,0.1,True,1.0,0.028246792754375152,0
pccv2_n08_distractors_r05,5,0.01,0.1,True,1.0,0.036390674065851815,0
pccv2_n08_distractors_r06,4,0.01,0.1,False,1.0,-0.06882059831169628,0
pccv2_n08_distractors_r07,3,0.01,0.1,True,1.0,0.036368554764586454,0
pccv2_n08_distractors_r08,2,0.01,0.1,True,1.0,0.01985998556119302,0
pccv2_n08_distractors_r09,1,0.01,0.1,True,1.0,0.09141843538960938,0
pccv2_n08_distractors_r10,5,0.01,0.1,True,1.0,0.02317374468631281,0
pccv2_n08_distractors_r11,4,0.01,0.1,False,1.0,-0.010667040187709016,0
pccv2_n08_distractors_r12,3,0.01,0.1,True,1.0,-0.18036416369492014,0
pccv2_n08_distractors_r13,2,0.01,0.1,True,1.0,0.05755865448954349,0
pccv2_n08_distractors_r14,1,0.01,0.1,True,1.0,0.0595170573999602,0
pccv2_n08_distractors_r15,5,0.01,0.1,True,2.0,0.12350256685651648,-1
pccv2_n08_distractors_r16,4,0.01,0.1,True,1.0,-0.08319220617306532,0
pccv2_n08_distractors_r17,3,0.01,0.1,False,1.0,-0.053189721104487934,0
pccv2_n08_distractors_r18,2,0.01,0.1,False,1.5,0.16236765855780635,1
pccv2_n08_distractors_r19,1,0.01,0.1,True,1.0,-0.025980399403446472,0
pccv2_n08_grid_r00,5,0.01,0.1,False,1.0,-0.04282851702666289,0
pccv2_n08_grid_r01,4,0.01,0.1,False,1.0,-0.04427074176393997,0
pccv2_n08_grid_r02,3,0.01,0.1,False,1.0,-0.029564405108571154,0
pccv2_n08_grid_r03,2,0.01,0.1,False,1.0,-0.013046608783969765,0
pccv2_n08_grid_r04,1,0.01,0.1,False,1.0,-0.01694702253857617,0
pccv2_n08_grid_r05,5,0.01,0.1,False,4.0,0.22080377647862537,0
pccv2_n08_grid_r06,4,0.01,0.1,False,1.0,-0.002438570204358448,0
pccv2_n08_grid_r07,3,0.01,0.1,False,1.0,0.017127760549096545,0
pccv2_n08_grid_r08,2,0.01,0.1,False,1.0,-0.015831395648986432,0
pccv2_n08_grid_r09,1,0.01,0.1,False,1.0,-0.01429270246919557,0
pccv2_n08_grid_r10,5,0.01,0.1,False,1.0,0.03295142370688668,0
pccv2_n08_grid_r11,4,0.01,0.1,False,1.0,-0.059301671794303706,0
pccv2_n08_grid_r12,3,0.01,0.1,False,1.0,-0.05118015920816093,0
pccv2_n08_grid_r13,2,0.01,0.1,False,1.0,-0.0064064617341021285,0
pccv2_n08_grid_r14,1,0.01,0.1,False,1.0,-0.009787287790194008,0
pccv2_n08_grid_r15,5,0.01,0.1,False,1.0,0.07253266007268473,0
pccv2_n08_grid_r16,4,0.01,0.1,False,1.0,0.032934881593877405,0
pccv2_n08_grid_r17,3,0.01,0.1,False,1.0,-0.049314417530024905,0
pccv2_n08_grid_r18,2,0.01,0.1,False,1.0,0.023733052837043814,0
pccv2_n08_grid_r19,1,0.01,0.1,False,1.0,-0.006436797654115542,0
pccv2_n08_random_sparse_r00,5,0.01,0.1,False,1.0,0.028073158855308464,0
pccv2_n08_random_sparse_r01,4,0.01,0.1,False,1.0,-0.055712850390798915,0
pccv2_n08_random_sparse_r02,3,0.01,0.1,False,1.0,0.0008553769066759823,0
pccv2_n08_random_sparse_r03,2,0.01,0.1,False,1.0,0.05456735901679917,0
pccv2_n08_random_sparse_r04,1,0.01,0.1,False,1.0,0.05406302696461883,0
pccv2_n08_random_sparse_r05,5,0.01,0.1,False,1.0,0.03471551690605103,0
pccv2_n08_random_sparse_r06,4,0.01,0.1,False,1.0,0.057885745021324264,0
pccv2_n08_random_sparse_r07,3,0.01,0.1,False,1.0,0.05791349693437504,0
pccv2_n08_random_sparse_r08,2,0.01,0.1,False,1.0,-0.04981338988471082,0
pccv2_n08_random_sparse_r09,1,0.01,0.1,False,4.0,0.3953506806995693,0
pccv2_n08_random_sparse_r10,5,0.01,0.1,False,1.0,0.06403034563311495,0
pccv2_n08_random_sparse_r11,4,0.01,0.1,False,1.0,-0.03723796465042602,0
pccv2_n08_random_sparse_r12,3,0.01,0.1,False,1.0,-0.012129157084164892,0
pccv2_n08_random_sparse_r13,2,0.01,0.1,False,1.0,-0.06959377858319771,0
pccv2_n08_random_sparse_r14,1,0.01,0.1,False,1.0,-0.02139538655294971,0
pccv2_n08_random_sparse_r15,5,0.01,0.1,False,1.0,0.029523484657925494,0
pccv2_n08_random_sparse_r16,4,0.01,0.1,False,1.0,0.0506603067530189,0
pccv2_n08_random_sparse_r17,3,0.01,0.1,False,1.0,0.049116170955040346,0
pccv2_n08_random_sparse_r18,2,0.01,0.1,False,1.0,-0.015157003445560188,0
pccv2_n08_random_sparse_r19,1,0.01,0.1,False,1.0,0.029384817531978018,0
pccv2_n08_row_r00,5,0.01,0.1,False,4.0,0.3189653528893119,0
pccv2_n08_row_r01,4,0.01,0.1,False,4.0,0.3330361968696854,0
pccv2_n08_row_r02,3,0.01,0.1,False,4.0,0.3204721414270209,0
pccv2_n08_row_r03,2,0.01,0.1,False,4.0,0.3848393049731375,0
pccv2_n08_row_r04,1,0.01,0.1,False,4.0,0.1763576882869204,0
pccv2_n08_row_r05,5,0.01,0.1,False,4.0,0.21816252395844962,0
pccv2_n08_row_r06,4,0.01,0.1,False,4.0,0.13607023609489216,0
pccv2_n08_row_r07,3,0.01,0.1,False,4.0,0.26248837088837534,0
pccv2_n08_row_r08,2,0.01,0.1,False,4.0,0.1784344753426968,0
pccv2_n08_row_r09,1,0.01,0.1,False,4.0,0.3532611057986711,0
pccv2_n08_row_r10,5,0.01,0.1,False,4.0,0.33705747125000496,0
pccv2_n08_row_r11,4,0.01,0.1,False,2.0,0.19533918994132218,0
pccv2_n08_row_r12,3,0.01,0.1,False,4.0,0.3416450932020411,0
pccv2_n08_row_r13,2,0.01,0.1,False,4.0,0.33256448138578903,0
pccv2_n08_row_r14,1,0.01,0.1,False,4.0,0.3038346081963373,0
pccv2_n08_row_r15,5,0.01,0.1,False,4.0,0.19217854131495615,0
pccv2_n08_row_r16,4,0.01,0.1,False,4.0,0.38746744922305215,0
pccv2_n08_row_r17,3,0.01,0.1,False,1.0,0.01979074834466675,0
pccv2_n08_row_r18,2,0.01,0.1,False,4.0,0.28950475424387395,0
pccv2_n08_row_r19,1,0.01,0.1,False,4.0,0.35085454793382115,0
pccv2_n09_dense_r00,5,0.01,0.1,False,1.0,0.05980089084346925,0
pccv2_n09_dense_r01,4,0.01,0.1,False,1.0,0.06680456738431238,0
pccv2_n09_dense_r02,3,0.01,0.1,False,1.0,-0.02667511233322705,0
pccv2_n09_dense_r03,2,0.01,0.1,False,1.0,0.038168025374218,0
pccv2_n09_dense_r04,1,0.01,0.1,False,4.0,0.19954415353386812,0
pccv2_n09_dense_r05,5,0.01,0.1,False,4.0,0.22911197112951914,0
pccv2_n09_dense_r06,4,0.01,0.1,False,1.0,0.07868859876832492,0
pccv2_n09_dense_r07,3,0.01,0.1,False,1.0,0.06531136163117018,0
pccv2_n09_dense_r08,2,0.01,0.1,False,4.0,0.12043372513946404,0
pccv2_n09_dense_r09,1,0.01,0.1,False,1.0,0.04965569975156302,0
pccv2_n09_dense_r10,5,0.01,0.1,False,1.0,0.07314589736703168,0
pccv2_n09_dense_r11,4,0.01,0.1,False,4.0,0.10806038189073247,0
pccv2_n09_dense_r12,3,0.01,0.1,False,1.0,0.05283148794420229,0
pccv2_n09_dense_r13,2,0.01,0.1,False,4.0,0.18935734409570032,0
pccv2_n09_dense_r14,1,0.01,0.1,False,1.0,0.034546233913447896,0
pccv2_n09_dense_r15,5,0.01,0.1,False,1.0,0.07534745612364584,0
pccv2_n09_dense_r16,4,0.01,0.1,False,4.0,0.16813216210867094,0
pccv2_n09_dense_r17,3,0.01,0.1,False,1.0,0.06157803807130941,0
pccv2_n09_dense_r18,2,0.01,0.1,False,1.0,-0.03048427780692968,0
pccv2_n09_dense_r19,1,0.01,0.1,False,4.0,0.24987337421957106,0
pccv2_n09_distractors_r00,5,0.01,0.1,False,1.0,0.03456567027662868,0
pccv2_n09_distractors_r01,4,0.01,0.1,True,1.0,-0.2626336768859985,0
pccv2_n09_distractors_r02,3,0.01,0.1,True,1.0,-0.034528774522908916,0
pccv2_n09_distractors_r03,2,0.01,0.1,False,1.0,-0.12696180641167343,0
pccv2_n09_distractors_r04,1,0.01,0.1,False,2.0,0.14259907362163896,1
pccv2_n09_distractors_r05,5,0.01,0.1,False,1.0,-0.014755341994420992,0
pccv2_n09_distractors_r06,4,0.01,0.1,False,1.0,-0.059608393546384114,0
pccv2_n09_distractors_r07,3,0.01,0.1,True,1.0,-0.017754351676792172,0
pccv2_n09_distractors_r08,2,0.01,0.1,True,1.0,0.08508214941294394,0
pccv2_n09_distractors_r09,1,0.01,0.1,True,2.0,0.2652401505619026,-1
pccv2_n09_distractors_r10,5,0.01,0.1,False,1.0,-0.04066790581401949,0
pccv2_n09_distractors_r11,4,0.01,0.1,False,1.0,-0.027102307097439857,0
pccv2_n09_distractors_r12,3,0.01,0.1,False,1.0,0.0099324229162493,0
pccv2_n09_distractors_r13,2,0.01,0.1,True,2.0,0.11049854876911595,0
pccv2_n09_distractors_r14,1,0.01,0.1,True,1.0,0.09723106137269767,0
pccv2_n09_distractors_r15,5,0.01,0.1,True,1.5,0.18333316378693518,0
pccv2_n09_distractors_r16,4,0.01,0.1,False,1.0,-0.03418738265972478,0
pccv2_n09_distractors_r17,3,0.01,0.1,False,1.0,0.01964390785592663,0
pccv2_n09_distractors_r18,2,0.01,0.1,False,1.0,-0.1534489806641568,0
pccv2_n09_distractors_r19,1,0.01,0.1,False,2.0,0.1545074907617389,1
pccv2_n09_grid_r00,5,0.01,0.1,False,1.0,-0.04618400292196826,0
pccv2_n09_grid_r01,4,0.01,0.1,False,1.0,0.026944413534906526,0
pccv2_n09_grid_r02,3,0.01,0.1,False,1.0,0.014168223997740655,0
pccv2_n09_grid_r03,2,0.01,0.1,False,4.0,0.19806782040647958,0
pccv2_n09_grid_r04,1,0.01,0.1,False,1.0,-0.035714775183178546,0
pccv2_n09_grid_r05,5,0.01,0.1,False,4.0,0.1924900066980486,0
pccv2_n09_grid_r06,4,0.01,0.1,False,1.0,0.01627981713702233,0
pccv2_n09_grid_r07,3,0.01,0.1,False,1.0,0.09654367684236835,0
pccv2_n09_grid_r08,2,0.01,0.1,False,4.0,0.1833373176719288,0
pccv2_n09_grid_r09,1,0.01,0.1,False,1.0,-0.05641550713300102,0
pccv2_n09_grid_r10,5,0.01,0.1,False,1.0,0.09537024035541865,0
pccv2_n09_grid_r11,4,0.01,0.1,False,4.0,0.17703503206692062,0
pccv2_n09_grid_r12,3,0.01,0.1,False,1.0,0.00519104872356478,0
pccv2_n09_grid_r13,2,0.01,0.1,False,1.5,0.10309203406099346,0
pccv2_n09_grid_r14,1,0.01,0.1,False,0.0,0.11497024299299623,0
pccv2_n09_grid_r15,5,0.01,0.1,False,1.0,-0.06511849990401997,0
pccv2_n09_grid_r16,4,0.01,0.1,False,1.0,-0.035267153163979534,0
pccv2_n09_grid_r17,3,0.01,0.1,False,4.0,0.1392143958728313,0
pccv2_n09_grid_r18,2,0.01,0.1,False,1.0,0.08123300332193942,0
pccv2_n09_grid_r19,1,0.01,0.1,False,4.0,0.10039499849814576,0
pccv2_n09_random_sparse_r00,5,0.01,0.1,False,4.0,0.11903141352091412,0
pccv2_n09_random_sparse_r01,4,0.01,0.1,False,1.0,-0.011791420949721949,0
pccv2_n09_random_sparse_r02,3,0.01,0.1,False,1.0,0.04986897526168087,0
pccv2_n09_random_sparse_r03,2,0.01,0.1,False,0.0,0.10686854742985537,0
pccv2_n09_random_sparse_r04,1,0.01,0.1,False,4.0,0.14919719882239102,0
pccv2_n09_random_sparse_r05,5,0.01,0.1,False,1.0,0.058785370875463,0
pccv2_n09_random_sparse_r06,4,0.01,0.1,False,4.0,0.1358656938554595,0
pccv2_n09_random_sparse_r07,3,0.01,0.1,False,1.0,0.04636498818074004,0
pccv2_n09_random_sparse_r08,2,0.01,0.1,False,1.0,0.07514991213586682,0
pccv2_n09_random_sparse_r09,1,0.01,0.1,False,1.0,0.094164586686308,0
pccv2_n09_random_sparse_r10,5,0.01,0.1,False,1.0,-0.04197895148485431,0
pccv2_n09_random_sparse_r11,4,0.01,0.1,False,4.0,0.14786506874317595,0
pccv2_n09_random_sparse_r12,3,0.01,0.1,False,1.0,0.041399174362110366,0
pccv2_n09_random_sparse_r13,2,0.01,0.1,False,1.0,-0.02008625296426177,0
pccv2_n09_random_sparse_r14,1,0.01,0.1,False,4.0,0.16132887844070848,0
pccv2_n09_random_sparse_r15,5,0.01,0.1,False,4.0,0.14167343819443434,0
pccv2_n09_random_sparse_r16,4,0.01,0.1,False,1.0,0.004729835927504216,0
pccv2_n09_random_sparse_r17,3,0.01,0.1,False,1.0,0.01639640436031326,0
pccv2_n09_random_sparse_r18,2,0.01,0.1,False,1.0,0.07114983410909,0
pccv2_n09_random_sparse_r19,1,0.01,0.1,False,1.0,0.05471070246827496,0
pccv2_n09_row_r00,5,0.01,0.1,False,1.0,0.028802448726662114,0
pccv2_n09_row_r01,4,0.01,0.1,False,1.0,0.056773075693452246,0
pccv2_n09_row_r02,3,0.01,0.1,False,1.0,0.06738456734859771,0
pccv2_n09_row_r03,2,0.01,0.1,False,1.0,0.07287232755095492,0
pccv2_n09_row_r04,1,0.01,0.1,False,4.0,0.24446158058953,0
pccv2_n09_row_r05,5,0.01,0.1,False,1.0,0.03913818689691438,0
pccv2_n09_row_r06,4,0.01,0.1,False,1.0,0.05768769178217786,0
pccv2_n09_row_r07,3,0.01,0.1,False,1.0,-0.03717521960001995,0
pccv2_n09_row_r08,2,0.01,0.1,False,1.0,0.07213086807668663,0
pccv2_n09_row_r09,1,0.01,0.1,False,1.0,0.03344487872794309,0
pccv2_n09_row_r10,5,0.01,0.1,False,1.0,0.08388717961392593,0
pccv2_n09_row_r11,4,0.01,0.1,False,1.0,0.06045878205687594,0
pccv2_n09_row_r12,3,0.01,0.1,False,1.0,0.02393945145185889,0
pccv2_n09_row_r13,2,0.01,0.1,False,1.0,0.02026392772262227,0
pccv2_n09_row_r14,1,0.01,0.1,False,1.0,-0.04043203329677814,0
pccv2_n09_row_r15,5,0.01,0.1,False,1.0,0.06697855733144804,0
pccv2_n09_row_r16,4,0.01,0.1,False,1.0,0.07497994948830912,0
pccv2_n09_row_r17,3,0.01,0.1,False,1.0,0.022084335188039046,0
pccv2_n09_row_r18,2,0.01,0.1,False,1.0,0.038251570783583724,0
pccv2_n09_row_r19,1,0.01,0.1,False,1.0,0.0485403523988963,0
pccv2_n10_dense_r00,5,0.01,0.1,False,1.0,0.0792552840692146,0
pccv2_n10_dense_r01,4,0.01,0.1,False,4.0,0.18481368687166194,0
pccv2_n10_dense_r02,3,0.01,0.1,False,1.5,0.13868429260198853,0
pccv2_n10_dense_r03,2,0.01,0.1,False,1.0,0.081071595046552,0
pccv2_n10_dense_r04,1,0.01,0.1,False,1.0,0.016284411939520946,0
pccv2_n10_dense_r05,5,0.01,0.1,False,1.0,0.06295196673748456,0
pccv2_n10_dense_r06,4,0.01,0.1,False,1.0,0.039903403450297595,0
pccv2_n10_dense_r07,3,0.01,0.1,False,1.0,0.040062563946832226,0
pccv2_n10_dense_r08,2,0.01,0.1,False,1.0,0.07935946776052129,0
pccv2_n10_dense_r09,1,0.01,0.1,False,1.0,0.02987366432322091,0
pccv2_n10_dense_r10,5,0.01,0.1,False,1.0,0.006725665763664367,0
pccv2_n10_dense_r11,4,0.01,0.1,False,1.0,0.04976300970853138,0
pccv2_n10_dense_r12,3,0.01,0.1,False,1.0,0.05215809263680779,0
pccv2_n10_dense_r13,2,0.01,0.1,False,1.0,-0.021031782583292233,0
pccv2_n10_dense_r14,1,0.01,0.1,False,1.0,0.08015136727379028,0
pccv2_n10_dense_r15,5,0.01,0.1,False,1.0,0.05097360179974227,0
pccv2_n10_dense_r16,4,0.01,0.1,False,1.0,0.09728306789940964,0
pccv2_n10_dense_r17,3,0.01,0.1,False,4.0,0.23280983719427045,0
pccv2_n10_dense_r18,2,0.01,0.1,False,1.0,-0.06469021012673666,0
pccv2_n10_dense_r19,1,0.01,0.1,False,1.0,0.028592006459103467,0
pccv2_n10_distractors_r00,5,0.01,0.1,False,1.5,0.1493006012360439,0
pccv2_n10_distractors_r01,4,0.01,0.1,False,1.0,0.013514039547498986,0
pccv2_n10_distractors_r02,3,0.01,0.1,False,1.5,0.4660999502908437,1
pccv2_n10_distractors_r03,2,0.01,0.1,False,1.5,0.13866371809402903,1
pccv2_n10_distractors_r04,1,0.01,0.1,False,1.5,0.36468331714260827,1
pccv2_n10_distractors_r05,5,0.01,0.1,False,1.5,0.6524641295856727,1
pccv2_n10_distractors_r06,4,0.01,0.1,True,1.0,-1.7271737445958584,0
pccv2_n10_distractors_r07,3,0.01,0.1,True,1.5,1.8537184816497554,-1
pccv2_n10_distractors_r08,2,0.01,0.1,False,1.0,-0.7150784964953515,0
pccv2_n10_distractors_r09,1,0.01,0.1,False,2.0,0.5457030267118913,1
pccv2_n10_distractors_r10,5,0.01,0.1,True,1.5,1.1598845909938378,-1
pccv2_n10_distractors_r11,4,0.01,0.1,False,1.5,26.457567491820715,0
pccv2_n10_distractors_r12,3,0.01,0.1,True,1.5,2.106484540710506,0
pccv2_n10_distractors_r13,2,0.01,0.1,False,1.5,0.48528237182931616,1
pccv2_n10_distractors_r14,1,0.01,0.1,False,1.5,0.43439475722850074,1
pccv2_n10_distractors_r15,5,0.01,0.1,False,1.5,0.1944272443942874,0
pccv2_n10_distractors_r16,4,0.01,0.1,False,1.5,0.4708550597595872,1
pccv2_n10_distractors_r17,3,0.01,0.1,True,1.0,-3.2712690985352264,0
pccv2_n10_distractors_r18,2,0.01,0.1,False,1.0,0.02184865811670425,0
pccv2_n10_distractors_r19,1,0.01,0.1,False,2.0,0.2203831595825372,1
pccv2_n10_grid_r00,5,0.01,0.1,False,2.0,0.16886900056919826,0
pccv2_n10_grid_r01,4,0.01,0.1,False,0.0,0.12042440953347401,0
pccv2_n10_grid_r02,3,0.01,0.1,False,1.0,0.07582369467325945,0
pccv2_n10_grid_r03,2,0.01,0.1,False,1.0,0.09642318611441615,0
pccv2_n10_grid_r04,1,0.01,0.1,False,1.0,0.09269438015622182,0
pccv2_n10_grid_r05,5,0.01,0.1,False,4.0,0.10049281838012293,0
pccv2_n10_grid_r06,4,0.01,0.1,False,1.0,0.04561438234801257,0
pccv2_n10_grid_r07,3,0.01,0.1,False,2.0,0.11650342074351261,0
pccv2_n10_grid_r08,2,0.01,0.1,False,2.0,0.44928898340103257,0
pccv2_n10_grid_r09,1,0.01,0.1,False,2.0,0.10218179761960071,0
pccv2_n10_grid_r10,5,0.01,0.1,False,0.0,0.11451845362000783,0
pccv2_n10_grid_r11,4,0.01,0.1,False,0.0,0.1339943994987287,0
pccv2_n10_grid_r12,3,0.01,0.1,False,0.0,0.12160531988447659,0
pccv2_n10_grid_r13,2,0.01,0.1,False,2.0,0.2337534756927129,0
pccv2_n10_grid_r14,1,0.01,0.1,False,2.0,0.20134081722354977,0
pccv2_n10_grid_r15,5,0.01,0.1,False,0.0,0.11201883817096826,0
pccv2_n10_grid_r16,4,0.01,0.1,False,1.0,0.0714078533594517,0
pccv2_n10_grid_r17,3,0.01,0.1,False,1.0,0.09184741622095705,0
pccv2_n10_grid_r18,2,0.01,0.1,False,1.0,0.08542535097901859,0
pccv2_n10_grid_r19,1,0.01,0.1,False,0.0,0.10897617688362203,0
pccv2_n10_random_sparse_r00,5,0.01,0.1,False,1.0,0.09567227430493243,0
pccv2_n10_random_sparse_r01,4,0.01,0.1,False,0.0,0.10645250792330781,0
pccv2_n10_random_sparse_r02,3,0.01,0.1,False,1.0,-0.02580306704569845,0
pccv2_n10_random_sparse_r03,2,0.01,0.1,False,2.0,0.12085995314709995,0
pccv2_n10_random_sparse_r04,1,0.01,0.1,False,2.0,0.1015427961951608,0
pccv2_n10_random_sparse_r05,5,0.01,0.1,False,1.0,0.07203861195923793,0
pccv2_n10_random_sparse_r06,4,0.01,0.1,False,0.0,0.15078508215479658,0
pccv2_n10_random_sparse_r07,3,0.01,0.1,False,1.0,0.051419132186913415,0
pccv2_n10_random_sparse_r08,2,0.01,0.1,False,1.0,0.09924393301356345,0
pccv2_n10_random_sparse_r09,1,0.01,0.1,False,1.0,0.04192624531599547,0
pccv2_n10_random_sparse_r10,5,0.01,0.1,False,1.0,0.0912111678412411,0
pccv2_n10_random_sparse_r11,4,0.01,0.1,False,0.0,0.14248472464547907,0
pccv2_n10_random_sparse_r12,3,0.01,0.1,False,1.0,0.008584598798856096,0
pccv2_n10_random_sparse_r13,2,0.01,0.1,False,0.0,0.12443142031359995,0
pccv2_n10_random_sparse_r14,1,0.01,0.1,False,0.0,0.11581403510613363,0
pccv2_n10_random_sparse_r15,5,0.01,0.1,False,1.0,0.07120427558172047,0
pccv2_n10_random_sparse_r16,4,0.01,0.1,False,0.0,0.12012071055959846,0
pccv2_n10_random_sparse_r17,3,0.01,0.1,False,1.0,0.029014062586340268,0
pccv2_n10_random_sparse_r18,2,0.01,0.1,False,1.0,0.09477403218840165,0
pccv2_n10_random_sparse_r19,1,0.01,0.1,False,0.0,0.10479881599508077,0
pccv2_n10_row_r00,5,0.01,0.1,False,1.0,0.03067161439584186,0
pccv2_n10_row_r01,4,0.01,0.1,False,1.0,-0.059596322678868906,0
pccv2_n10_row_r02,3,0.01,0.1,False,4.0,0.17673368496993408,0
pccv2_n10_row_r03,2,0.01,0.1,False,1.0,-0.006662146690150055,0
pccv2_n10_row_r04,1,0.01,0.1,False,1.0,0.036507834326883246,0
pccv2_n10_row_r05,5,0.01,0.1,False,1.0,-0.06015151196901256,0
pccv2_n10_row_r06,4,0.01,0.1,False,4.0,0.1958378846866139,0
pccv2_n10_row_r07,3,0.01,0.1,False,1.0,-0.04257448102003602,0
pccv2_n10_row_r08,2,0.01,0.1,False,2.0,0.22472205633274037,0
pccv2_n10_row_r09,1,0.01,0.1,False,1.0,0.09169661656645371,0
pccv2_n10_row_r10,5,0.01,0.1,False,1.0,0.004542723518741708,0
pccv2_n10_row_r11,4,0.01,0.1,False,0.0,0.12467738790610951,0
pccv2_n10_row_r12,3,0.01,0.1,False,1.0,-0.04738509270327791,0
pccv2_n10_row_r13,2,0.01,0.1,False,4.0,0.20299495478227197,0
pccv2_n10_row_r14,1,0.01,0.1,False,4.0,0.17684517249792528,0
pccv2_n10_row_r15,5,0.01,0.1,False,1.0,-0.013339427785656811,0
pccv2_n10_row_r16,4,0.01,0.1,False,0.0,0.12646878657080957,0
pccv2_n10_row_r17,3,0.01,0.1,False,1.0,0.02958145190977067,0
pccv2_n10_row_r18,2,0.01,0.1,False,4.0,0.24500341633969078,0
pccv2_n10_row_r19,1,0.01,0.1,False,4.0,0.23938054610924803,0
