question_id,subset,image,image_id,selection_hash
923540615566,complex,VG_100K/2354061.jpg,92354061,001524ed81643e5c7b9f83fabb97bb465c136cb9cf459604bb55e79c892b04b9
923227024331,complex,VG_100K/2322702.jpg,92322702,00249e3c8f5f4fb6c9bb3df1d3b8742d86c40f1b587f20b8cb389d60dcf60783
924113986839,complex,VG_100K_2/2411398.jpg,92411398,002d7752c1869bf9801ba9040c5a45649a25453fa44d77782091c416d3f6d878
924094611451,complex,VG_100K_2/2409461.jpg,92409461,004dc97add91ded4a6a4ff1af3b799210cf8be80c63ed2f53185d7a9965a019f
924021842973,complex,VG_100K_2/2402184.jpg,92402184,0052f8e6693a0da53a6175eca76163c92707e64555a204841d92689f0b06eb15
9241447211051,complex,VG_100K_2/2414472.jpg,92414472,0053b869884863d23c213307ffc7835b5a30c848b313b8ce53752c32301c5e7f
9238263316942,complex,VG_100K_2/2382633.jpg,92382633,00564ad00e9318b1519f9af2468682efb963a30d7948fd7e6af286aabc6cec9b
9241073720807,complex,VG_100K_2/2410737.jpg,92410737,007d7d6ff475e9afee1b36f605bf9dcef11896590b45f419cdc76459d9a0b6d5
9240132213909,complex,VG_100K_2/2401322.jpg,92401322,00fc8310bb7ab3f35cb33673ea1a69695b176d46c4f2fa2a1583ccf5e261f188
92371011710,complex,VG_100K/2371011.jpg,92371011,0102979c479554e6eb2520caae7d30c391ba87ac0826826d52d46431dc7d1652
9236985112112,complex,VG_100K/2369851.jpg,92369851,0105954bd2420362d1f434555a7cb9c191d4e2efa9be4a68d2f43e547f4b500a
9235689019279,complex,VG_100K/2356890.jpg,92356890,012e42324aeead82c141e914ba70d06e46ffb6dce78fdaec8508d15ff9b0dbf4
923790212234,complex,VG_100K_2/2379021.jpg,92379021,016cc1dced6f9180d964e8dbd4537a45e8f344ed045b97a7192c38637bd2ac2a
923904797882,complex,VG_100K_2/2390479.jpg,92390479,01886d7377efc6b720ba95094396f433b467a3628f82219df20abd68d44a0ba3
9240757818279,complex,VG_100K_2/2407578.jpg,92407578,019038e8c9d32f180e6c90beb7df99c3af6c5ad1111eef00322f7aaccb2d3de7
9238821217344,complex,VG_100K_2/2388212.jpg,92388212,01c9d4754531c50226ae3b4a536cf7dc26d8f46b1d164f31867d9b95e95da168
9238189920512,complex,VG_100K_2/2381899.jpg,92381899,01d28de4e9711092ca14b1199d5eb6ee872ec533ae1b04858c6b8c585c272386
9235570115878,complex,VG_100K/2355701.jpg,92355701,01d792127cc1fa7af5c06ea07caa5d1e339a15114c3ecdca97403a619726a133
9241495917669,complex,VG_100K_2/2414959.jpg,92414959,01fde88a5520a9bb0e1fc21973a1b62a37561d64ac8d8e06469ead1e5777ef91
923374574208,complex,VG_100K/2337457.jpg,92337457,0207687ac386dad6e308de8b7ac9893665fc9901a1645e74a10663b4026dcb6a
9240451020902,complex,VG_100K_2/2404510.jpg,92404510,020deba16da5271618626ce63e9d197518e7ce17de8d461267eb1c1f05d40545
9233506719042,complex,VG_100K/2335067.jpg,92335067,0214b7566217c0ca9b67a5885a64865c90b49f83284f7af23b6025a6351d0a22
9236614714779,complex,VG_100K/2366147.jpg,92366147,02405c51ee74f128a959da570845546e763ad5c47ef1b20064b3f76c956776e0
924170633847,complex,VG_100K_2/2417063.jpg,92417063,027e0d00cce7bfa409481e2b004ec1ac545a096b997415cd3323335f0f3c1e9f
9237641811811,complex,VG_100K/2376418.jpg,92376418,02a8ea5aa4d1df5b82655aafe8b5eb561cb37c1d54294cb6dbbcbdf74f642f95
9235443817162,complex,VG_100K/2354438.jpg,92354438,03589f14de45df0ab9ab853d37a0a7dc3f9830b137bafd072bb2804ef466748a
9234344212457,complex,VG_100K/2343442.jpg,92343442,036d85e7cdcbace7e4cafd58fa5965b6cb5f7ed36f66ea1d2c2d129a61506599
923346336179,complex,VG_100K/2334633.jpg,92334633,03a02525f6d004ce14aae7d1669dcbd7b3f8f4e51c68af6bfeca48a1b893029e
923460816010,complex,VG_100K/2346081.jpg,92346081,03ca1f5ff7afb5f2d3eff907ed76fcc35fea714ec92bab8e31db98e7b87c5d5a
923638601824,complex,VG_100K/2363860.jpg,92363860,03de0d6ab864135805901dce3b63e34ea1bebd219665f3c48558afa7175d347a
923424618551,complex,VG_100K/2342461.jpg,92342461,0434f7ba53b5709b2c928280cf0165d8c9e3654b4070e4bd00c32397f646e181
9236609621389,complex,VG_100K/2366096.jpg,92366096,047241aeb752b940231e0e3fd0921bad86a477e37d084c6f90af0000074e7c92
923752787591,complex,VG_100K/2375278.jpg,92375278,049a51f3be202d0adbaa3a096b7ab963aa9b1154647a31f3e0550759bbc84530
923713475918,complex,VG_100K/2371347.jpg,92371347,049f09fcebae50d83fa7b4a749090e140edccdea64fb6abc05c40dae394e1244
9241189018195,complex,VG_100K_2/2411890.jpg,92411890,04a936b894931fbdcbc3add44abcd88fe93eb6e8cf4f02eac073a2741fed8650
9237449720221,complex,VG_100K/2374497.jpg,92374497,04aff48f7f37552b5eeb699155b895831ea29e162dfd20cef27d5d027feea751
9238663815922,complex,VG_100K_2/2386638.jpg,92386638,04cf0c3635e5a2d30edca988b7a106a24e03020af54dd346e4198cc3849a287e
9237133716814,complex,VG_100K/2371337.jpg,92371337,0551b128733fb8bd81cca1e21ebf3e54879d7a2227532730bdbb101dcfab8745
923530288019,complex,VG_100K/2353028.jpg,92353028,0568c4dd464c30b033c13ff05b65a8f06406767c6519537e6555871211ac80b3
9238366615303,complex,VG_100K_2/2383666.jpg,92383666,05b9477f8a6dc3648c70d74915923db208bee97fb56a883f1241c1aa06809b3c
924097626920,complex,VG_100K_2/2409762.jpg,92409762,0619faa67fef1955bc9635890d3d72322929f24a519e3f16a15f57e15cdb488b
923229261844,complex,VG_100K/2322926.jpg,92322926,063102ccfe425a172e8de23f557da8c5da91aa38489d84b7708fa5dcdf25a026
9238197318238,complex,VG_100K_2/2381973.jpg,92381973,066bc0829a4b6cbff36e3661a95323b50a8a3c8fd3024e5c9b8f2e164be90487
9241195118180,complex,VG_100K_2/2411951.jpg,92411951,0684e1deaaf3569864867a5fe96b8a4c711da7b519d20c9215ffc914e3f966fa
9240937120909,complex,VG_100K_2/2409371.jpg,92409371,0691483cd086418d05bd6af306e26e824a8e14d1155be7d56f465e6c277c0ab6
9237645114883,complex,VG_100K/2376451.jpg,92376451,0698148484ee556ed188520774715f390a301501dcfd1fb28c1148f097b8b669
9232377317168,complex,VG_100K/2323773.jpg,92323773,06af25d79c88bd1ff00ac2ee8d88949d78f12dcae4f6bfd15e599b13768a8bdb
9235009214523,complex,VG_100K/2350092.jpg,92350092,06d2db11ba134202ed6ede4999e85cf791a4118f9d84cdfa311701a56fa1f741
923561565468,complex,VG_100K/2356156.jpg,92356156,06e79ec46a1570f4c508c82b209fad9232228cba6af3d306cfa102811906357d
923619325695,complex,VG_100K/2361932.jpg,92361932,073523869e8eb24ebf43e52e9d079b13d8b7c670bf59423c4e5a5fc7ea4a0fba
923906285904,complex,VG_100K_2/2390628.jpg,92390628,074bfb516492bceed7f9379d0a43a337bb5ae8a597831d4106c77e7248d88c42
923458609279,complex,VG_100K/2345860.jpg,92345860,0777578bf341614e93a4e224d27722198a589bec6dc8abe7957c307670dbe6a5
9234030711016,complex,VG_100K/2340307.jpg,92340307,0791e69de4f8b92663371cb5a697ed10b0f1b0f8076c68b1e327e88630d3a0a1
923192695874,complex,VG_100K/2319269.jpg,92319269,07e50276342e1ed1826b7560e4e41094c666b5d6108e612db814975d7086e307
9240008815663,complex,VG_100K_2/2400088.jpg,92400088,07e83071f50d4f068a0bf85f3e658e6ca51cfe6bd670bf5afb095d5b5003f4de
923181328771,complex,VG_100K/2318132.jpg,92318132,07efaa0f94a81fc7c535ec6f0a730c67e031736934a0cccf2efa29d8a0ed61a6
924119957694,complex,VG_100K_2/2411995.jpg,92411995,08070ef394adf331e5e4fd280952301180247e74ff7ce7582980e7717f8c8c0f
9233279316671,complex,VG_100K/2332793.jpg,92332793,082295d5037f5a3bf1183f93b4f1e4ca7ad739175b5fd3659d00e8dcac9850b7
9237237718842,complex,VG_100K/2372377.jpg,92372377,087bb867ffaa18fe925e7d2ab0fa96639bd5a0c25146068514fcff565f9b5736
9239859515977,complex,VG_100K_2/2398595.jpg,92398595,087d0c0b64da113fd760d20f22863b7f799ccd132b4185f4b3cb76dfa1e64ad9
9237150816538,complex,VG_100K/2371508.jpg,92371508,089391478cb31230fa63ff45711273b94233325d62babd4c04f274582c5a6915
9233444319469,complex,VG_100K/2334443.jpg,92334443,08f789a3346761eb835ebbd12ea121ab19daedbcf6f232c1136544de84bb3e69
924175313942,complex,VG_100K_2/2417531.jpg,92417531,090dd7873b1c9960f4b1b5efbd70cd9ced108d0a5218d2456cb361f6f5c5f84c
923544261924,complex,VG_100K/2354426.jpg,92354426,095a92de2a42a1673aabbc9338c5721a6197e3755bf24adb421e88ab1f6a12c9
9234412211567,complex,VG_100K/2344122.jpg,92344122,09806562e21d67947eaff02f686506caa0c3c55948435d130a918aa45e097f52
9232612118414,complex,VG_100K/2326121.jpg,92326121,09fbd12ef1402d49f15292a8f607e0a2a8c81406ce75b3d58c541416d92498ab
9232199712905,complex,VG_100K/2321997.jpg,92321997,09fe887f1cd2cc4f9e3ce2797d91d245531c118ed3e3ecef20120eb9107bb31f
923428716905,complex,VG_100K/2342871.jpg,92342871,0a4e8e311c7c4295892f280a8e4c40c2ba427c4d033beda7774205f642ce19d6
9237726818742,complex,VG_100K/2377268.jpg,92377268,0a7258310b0ab1bbba35b123aba891f924aba5eb0531161a5fe1a9cf2dd4d315
923770987146,complex,VG_100K/2377098.jpg,92377098,0acaba6820c5329c2b761a7e34aa8e65f5d642d6b68396b602e69bd1c19e483f
923582013658,complex,VG_100K/2358201.jpg,92358201,0ad69f862dc831eb433aad0875c4a3719dee1c49f512d959c97499c67e85a297
924168392781,complex,VG_100K_2/2416839.jpg,92416839,0aee069c3bf47b51f93833e28a5bc1473ac0e6f9f5e8831974702977c940a105
9240471516099,complex,VG_100K_2/2404715.jpg,92404715,0b2622b405bef4ffdb3aff4642851bc271c609e8b341328efa780748cc7f035f
9237441916251,complex,VG_100K/2374419.jpg,92374419,0b319d79087c7cf9abc30500590b013af3ba67acdcbca6d4b4cca52390bbbc18
92377172760,complex,VG_100K/2377172.jpg,92377172,0b39e2b8587a2b9e407abf5ed9b0e997224f595e2f1ad08d4d8a071d45b33e02
924144664246,complex,VG_100K_2/2414466.jpg,92414466,0b403aebfdbd4f8977a147bba54304064d238af3cab2d8d270d640193f9acad7
923563222513,complex,VG_100K/2356322.jpg,92356322,0b580ee8becfdd9d6155b86022bbdf1d966c4d9b2f363f3be0a072edb75aa222
9232795114988,complex,VG_100K/2327951.jpg,92327951,0c23ff7c167ca0d4de1799f301234df162225757a6e713ec6aec41272a336e10
9233873411917,complex,VG_100K/2338734.jpg,92338734,0c355d09797ab5aca577797f06f3f392004e3839cabc0f416190abf25783dab9
9239467918925,complex,VG_100K_2/2394679.jpg,92394679,0ca27a8ad860bde90a71b2ffb8684a784a129bcf395047dd7d1a1a2435cb8c34
9239132817986,complex,VG_100K_2/2391328.jpg,92391328,0d180016822d1f48c4a2a36ce2f2e88f35db4f83d8cff5b95c905e7648277ad1
9240474817802,complex,VG_100K_2/2404748.jpg,92404748,0d3b065e5af0eae4997e438ef586668b3c3ef4731f930c901a4f98487d8a48ca
9233599613966,complex,VG_100K/2335996.jpg,92335996,0d69e449a310275d6b9d11a8c10907ef6e581c67049451108427dbca4fc9d0a0
923725649275,complex,VG_100K/2372564.jpg,92372564,0d8da7646e8030374d476153ebc706704e3ed1535ec4a01caa64ad49525d15a8
9233763915752,complex,VG_100K/2337639.jpg,92337639,0dc61e738ab5f5907060739a3a7c6e9f500d23c895a13e3c57c03be92bbdd7ac
9234043217236,complex,VG_100K/2340432.jpg,92340432,0dc6b6d6fdf8b3cdf9f934302d9b8301065fc181f90ed91bcc5c7b3356247001
9232848716610,complex,VG_100K/2328487.jpg,92328487,0de831aab3a019bef4d9362c0345fffd14a5c5d5c82fad35c444f88475d8ce04
9237469815222,complex,VG_100K/2374698.jpg,92374698,0def6340c77af833c68b7b3d7ed8cd39ef9d79e58f80c13e8de3b166cd58fa8d
923704566651,complex,VG_100K/2370456.jpg,92370456,0e1140caf1807b241a5e17b3531673da46e2d9c563329c1b1462d48d19efec9a
9234527514034,complex,VG_100K/2345275.jpg,92345275,0e2cb974f6ee31c8204689fa8337c3f1e853f2ac6a1fe7dcb79657314a924845
9241229416613,complex,VG_100K_2/2412294.jpg,92412294,0e6e112bd44d46bfcc91d1bc173ec60c0ef6304c00fba6d3494e155931757162
923705389203,complex,VG_100K/2370538.jpg,92370538,0e980bc01b64a5b38412f55cc34ead200c92baaa5416c15318a3644553ed34e7
9236259414690,complex,VG_100K/2362594.jpg,92362594,0edbf4a0c82d8ac14ce0c3a0216244852a13ec4e3acc227c35ed7dc9d80189b9
9240588413475,complex,VG_100K_2/2405884.jpg,92405884,0f0285c77196efd41e4f93632b0cfb7f028b8b8b9159766602d2438e44561862
923746456106,complex,VG_100K/2374645.jpg,92374645,0f29ee921401699ab371c4aa07177bf62f32226e1a1959dec89d33b46133e733
9234559517148,complex,VG_100K/2345595.jpg,92345595,0f5876cfd7be64e570b5e4cd51559481cb4e3bef0827420b54edbcdae8a48a8d
9238447119193,complex,VG_100K_2/2384471.jpg,92384471,0f690cf47979f94b115f0582937b543d058c63fa38cfd32114f22288c39567bc
9236320313192,complex,VG_100K/2363203.jpg,92363203,0f6b321f36b5745f50c737040b231baefd0685924613912a54bd53de12e921a9
9234181511740,complex,VG_100K/2341815.jpg,92341815,0f78b94e761784f8430bf59421b607e21d42b5c2ca983a86bcc071f6331e7cce
923412485135,complex,VG_100K/2341248.jpg,92341248,0f93a7512f232e4d9e5e60def482b052a866ffef7bb1a5d82c0b9be932752fee
923679927421,complex,VG_100K/2367992.jpg,92367992,0f956097e604fbb70351fd1deeb39b800df46ab5f1d7bd31fd75685b21985f34
9236365610517,complex,VG_100K/2363656.jpg,92363656,0fa5a732dc75161165fb07ba4662aabd57707a0c11f67b978eabdd42a7b5b14e
923360944953,complex,VG_100K/2336094.jpg,92336094,0fc4a9384a035f7b051174bd1cf2d1247400f5388fa5ccaf9add461c163891ae
9237005013567,complex,VG_100K/2370050.jpg,92370050,0fc9a617edf15ff79dceb96fa44b9c4078701d5347e189650362237dcc784fda
9231732620669,complex,VG_100K/2317326.jpg,92317326,0fdc49d00b155a15bde4c263eeae0fdfc45eaaee7dc2e1c5f686a9828fe13702
9234641618148,complex,VG_100K/2346416.jpg,92346416,0ff0bf13d9154824c408086cd50c06d7af0f6ca31fa4676e8d5edac1ed8b7082
900046283816,complex,VG_100K_2/4628.jpg,90004628,101238892d00d784e292a0df659a209fef990a027ccebcaf13c4165f2fdc5ae2
923284381335,complex,VG_100K/2328438.jpg,92328438,101d9869d947b03e08e3fbed3d25f982b12215a695e06108cd436ca22e2ab1dd
923588791740,complex,VG_100K/2358879.jpg,92358879,106d1608604b606253abfb3917fd80dcb6609fa30ea43703d4eb378752fbad15
923780886768,complex,VG_100K_2/2378088.jpg,92378088,108bc4c83124f0598d61f518362520d19666fc8c741156a4492eead04d6cc353
923504144529,complex,VG_100K/2350414.jpg,92350414,10c9b575035443e5ee056291234c137a6abcb7ae45b3a754cb729c6e024640d0
9237642313529,complex,VG_100K/2376423.jpg,92376423,10daeebc601e864c9b64f1c8fc5e79af0f531ecd830ab4304114c45bc8e92afa
9234096418888,complex,VG_100K/2340964.jpg,92340964,10f6aa18f49ae1a2aaae353909d8a9916b4bcd83ae54e3d79a281e86380e638c
923474505673,complex,VG_100K/2347450.jpg,92347450,110ab2dece48bd172a4bd9bc51902d37179063b8988439461c7c867345c3dd19
923513669971,complex,VG_100K/2351366.jpg,92351366,11350da391239d7bc3d8c9cf58e1ae1d29282c4daf04e5b50a74765ea696e95c
923474962527,complex,VG_100K/2347496.jpg,92347496,115cf561f13738eaf2f1567b6fc171b6800428a12b7d42debd6ff582f4562386
9239003815088,complex,VG_100K_2/2390038.jpg,92390038,11622948d0b64005a2e8bf37a1ea336cc6224245d170e81a64c584039dab160a
9238649014321,complex,VG_100K_2/2386490.jpg,92386490,118298f3d83c9bab234e39cc27bd1f5b3c6f168e44864f0df2ff8a46c70b051f
923502233876,complex,VG_100K/2350223.jpg,92350223,11a26fd5f5011af0bba0102aaff48597227a63a6dca782c0f339d5aac36c397d
9233746917814,complex,VG_100K/2337469.jpg,92337469,11c053b2df0e88ef545f39f1f6a389c5f1b31258fa783e24f16e20ba5204c115
9234907520865,complex,VG_100K/2349075.jpg,92349075,125707e8e247f4084916f8b9ebe519f769248d8ef03b40542f6f4eceb7451415
924115517587,complex,VG_100K_2/2411551.jpg,92411551,125b8a0fad18377046125d53b464584ecbb6dfe7d2821fccaed8ceab43a7c16d
9237777310496,complex,VG_100K_2/2377773.jpg,92377773,12969336c573c2f33082a984ea4e18b62e72fbc9c479cfb535be5ab10c2e877c
9234092511021,complex,VG_100K/2340925.jpg,92340925,1296e86f47c292e691abd954d54c9b765e21e38c206af7119848dc66ed2fc2a5
923601559943,complex,VG_100K/2360155.jpg,92360155,12e1421a6125164f746f242fb20ee39fb576fc493b5c67c206430af8262b482a
9234321715486,complex,VG_100K/2343217.jpg,92343217,1340bed3bbb98a78b7f961c051502416b5a469e5d1cf41fcc1a137c920d4962e
9239588414403,complex,VG_100K_2/2395884.jpg,92395884,136d01b4028fde13057d34600c03d5c457938a3369af00194446728436d678d6
900011912836,complex,VG_100K_2/1191.jpg,90001191,138e86da87ae80a055c485fa0719fb755c2c99ac099db2e227692e17bdccf1fb
9237230417760,complex,VG_100K/2372304.jpg,92372304,13d9814f4e2e0e5baddea9cbc5581ec2d94fadc51262a3843284012337ccc7ac
9239456217395,complex,VG_100K_2/2394562.jpg,92394562,13dfc9ec78464c41060e77e8c8f906219571d7b261d6967b639f7a639c395609
923248725471,complex,VG_100K/2324872.jpg,92324872,13f0cb13f02167b6c1b5f0fe668b5a853b9cb1e85ec759ce732bcfce292347da
923542876590,complex,VG_100K/2354287.jpg,92354287,14508a7f1df3c7782d1e2a4a8c37e21d01a8cb892d60fadbafd5ff21752b1084
9239604519009,complex,VG_100K_2/2396045.jpg,92396045,145580a2ee035a7b9d8915b26ce7934092f0f429a3ac6eca463d54b2bd7fdfca
923625039600,complex,VG_100K/2362503.jpg,92362503,14a04c16fc1e2e5e1512a615521f013f2953a620f9db232227031df469a4ce9d
923489367703,complex,VG_100K/2348936.jpg,92348936,14c365180b62d875fc0a6b2b1952dcd50c0464797c287b86012ccb6012633be8
9240132411936,complex,VG_100K_2/2401324.jpg,92401324,14cdca686caee5d471b80b30f7751f102b9708924be7e2de8d6973d74bcbad32
923625565818,complex,VG_100K/2362556.jpg,92362556,14cf284811c35ef6e6cf6661fda5507aef604fac2217b7bd03e67d0a8e585d48
9234990710154,complex,VG_100K/2349907.jpg,92349907,14e3d0deb40f74cc6c93a70554a9e65d0cb92e627c4c8e691b853fa0efab2bc4
92403806891,complex,VG_100K_2/2403806.jpg,92403806,14e549e15414b4855561d05f89e398314ba09c1a769f48cb0d5fb0add2e271b1
9234101490,complex,VG_100K/2341014.jpg,92341014,14e69c8547fd145f00bc0b2d3f73ad14ae2941ea0f76e54b3be804ac93dbca22
9240742310590,complex,VG_100K_2/2407423.jpg,92407423,14f4484d11cc52a4035467a1fd5d1e8a5d2c3bac0868b138aa25d380d70a72ef
9238308319663,complex,VG_100K_2/2383083.jpg,92383083,1526b400932d26412ea576a9b44b8c0f187894c56adc04d1b88c459565b819e1
9235458720551,complex,VG_100K/2354587.jpg,92354587,1529ce85a06ed3d0ca615dfe11cdf39e2f64f183251786a2dff2a2d0b7a0b350
923703663913,complex,VG_100K/2370366.jpg,92370366,154916d2b6dfb5bf53b26ff600c58f78079906393021278a1efc5cf165dd1941
9238896613438,complex,VG_100K_2/2388966.jpg,92388966,1593232af8804a13d3f25bc5c997db22d9729004b08bc8eb578d5a57c37b7892
9237155414946,complex,VG_100K/2371554.jpg,92371554,159cb301e9fb94d58c3bcdbae532e1b83165261a9d9c47a1f09f3d5b5390169c
923385363207,complex,VG_100K/2338536.jpg,92338536,15ab879bd746c138f0a5791826ddf2974d92cf5db0ea575ed7b489fb906f0e4c
9233722812385,complex,VG_100K/2337228.jpg,92337228,15c56836c50283f00e6f1af255ba832d5869b6c92cf6288a0dab6368efd29c60
9234591213594,complex,VG_100K/2345912.jpg,92345912,15d171a36276600b3c4a0f07b4e0b27b345349285f2bbaebbfd4645438dc4c36
9233989416753,complex,VG_100K/2339894.jpg,92339894,15e31f26c632dad2fd610e343db40119722c88f56a5e22f2d0988ab207a7b534
915929179075,complex,VG_100K/1592917.jpg,91592917,15fa715f9ae5c6db54c1a6bb673a8603648234704bb8a240ed0d9994f43ad687
9235936910487,complex,VG_100K/2359369.jpg,92359369,15fdbe962560008358c108a664b1f6e763d02015ff923da783e58c19e74bf0e2
924107885679,complex,VG_100K_2/2410788.jpg,92410788,161166eed10681e7fe3c3752292857da5d77fcfb81d8561c3520079811be916c
923189473655,complex,VG_100K/2318947.jpg,92318947,1612960adf48694c387998c596db08837d1f99eb8bc2fd67da992a3f79819b5a
923489266706,complex,VG_100K/2348926.jpg,92348926,1614ac07443ad06b4c20feb85e7c07ff6fa345c22f77955620837ae59b7cbcfe
9240818320491,complex,VG_100K_2/2408183.jpg,92408183,161a5e65fe043d4cec66fbdba8c18bea0d95210255270034d2235b691c484579
924044709335,complex,VG_100K_2/2404470.jpg,92404470,162839e09eab52286fbd9269cce2d7120a773513887d266954cc1dab398fab4b
9239400417782,complex,VG_100K_2/2394004.jpg,92394004,166ffce028e572202cebfa0777eeec4df051c67951b94e2d28814f596205d4d8
9239844815120,complex,VG_100K_2/2398448.jpg,92398448,16c969dbc864db032b67546337d83d3499579cb9c21544af003edaf7ab6269ae
92340336482,complex,VG_100K/2340336.jpg,92340336,171340841e780a3fa98cd460cb0d4cc1577c79dfa295c217df34004220b1cf95
923429317801,complex,VG_100K/2342931.jpg,92342931,172ef7952d05ebde68d1fcab1645d6732fd59c00899833b16b0ce82026ad4683
924128889757,complex,VG_100K_2/2412888.jpg,92412888,173b62554eedbe0602cad5ee62759f242099b8e2a826bf1011093f9f974f2674
9235316816984,complex,VG_100K/2353168.jpg,92353168,173be397885693f2552b53d4edb7cc74c075a421651e9d1729c05248c4bae100
923652426886,complex,VG_100K/2365242.jpg,92365242,175f0c5941ddbb45ee70c97d8579bbbbab856bd4643dd0a24af45c43c9f78a16
924044109614,complex,VG_100K_2/2404410.jpg,92404410,177239284ae7ff91aa7dd6812499468de6fa6d94470c9233f72d99bf4883d96a
9236368613879,complex,VG_100K/2363686.jpg,92363686,177521dfbababeff64fb031d8a6592f45249e26bec1169fda5362644fd10a1cb
923675763219,complex,VG_100K/2367576.jpg,92367576,1782aad9442a55fc7996d641d7e225a03af8b13e4b23bf042ca5d2697a46efc5
923657955662,complex,VG_100K/2365795.jpg,92365795,17cda6db9710d610d9546d6c0c3cfb8936684fed62eb0b2cbbc856dce4367eb2
9239646314000,complex,VG_100K_2/2396463.jpg,92396463,17f021f9e2acd212cff0b932a93dc0bb83dbd71b9c4e8d0724efb1f22d72a476
9240252511798,complex,VG_100K_2/2402525.jpg,92402525,181067ff3660cab2231e720d4c350ca5c992be7a3fa0da56a8d4647ad1a73381
92404605796,complex,VG_100K_2/2404605.jpg,92404605,184154b47c518cbe5ecabfc832aa8f9565a8fa6264cb89304b7ea6e42fe311bd
9235241311594,complex,VG_100K/2352413.jpg,92352413,18474870a7361c913ac71731027664efbe8ba9297bc4c8eaf55a1bd22cf54c52
9233608416740,complex,VG_100K/2336084.jpg,92336084,184a29e6517e745f28b32aafb2fd50fd005cdad44f8304acc116b17929a92903
9235528811464,complex,VG_100K/2355288.jpg,92355288,18822f7c7669fea62427dc9227dc05d0f35212788008cae4b8aae014abe4c0c3
9235352411588,complex,VG_100K/2353524.jpg,92353524,188701c32894542270814998af63c5d9e127351152010c0c843a25f33a44df2b
924063728498,complex,VG_100K_2/2406372.jpg,92406372,18983cee1e085bd999acc5eb2d52ed83f59d65ed052e62bf7476868062ba21b7
900007572050,complex,VG_100K_2/757.jpg,90000757,18999f432d00e2ddf4184f20673e8e21c05aa8000b05af481380ddce587acde8
92333852728,complex,VG_100K/2333852.jpg,92333852,18f1154f0840717d89bd6bf738426ab4eb76008010c103e99e5290d9231a57b5
924021326085,complex,VG_100K_2/2402132.jpg,92402132,18f1a324318a4f6223e3da8e18cb7493bd878a9476d1785dede4e84fcf7d49a6
92356625467,complex,VG_100K/2356625.jpg,92356625,193600bd00e558d364abd1ea68b2eebaade8ecc43133eadc74ff257ccc718610
9240514119382,complex,VG_100K_2/2405141.jpg,92405141,1941d94acc83495fd710053484a57d970e85b37d57fdf7e4241b3a8def4d787d
923705712347,complex,VG_100K/2370571.jpg,92370571,1942b1b6c5e116b090509f4c4914117259c923c70d51fce075f63d00e321e42f
9236788314102,complex,VG_100K/2367883.jpg,92367883,194d76dc631a2188c6e42b612aa565ab2a6310463a49fe6e911703f9576bb70d
924145964974,complex,VG_100K_2/2414596.jpg,92414596,19597e72ea4bdd92a4094661e7c725f046779e7bd2eb567eddbea25e547179ae
924125776420,complex,VG_100K_2/2412577.jpg,92412577,19affc5d8f0bcc3e925912515071e8a90234fc0de9906e6bb1c9e7f96367fa98
9239966812803,complex,VG_100K_2/2399668.jpg,92399668,19e04e27914ba85c02bbdd34cb1bfaaa2244d45a4d2c3b94e8e24fd63662e42c
923206492353,complex,VG_100K/2320649.jpg,92320649,19ef686e28d9ec2bfc35f4ec5bce44392d43c699433e851bdfe4035d39c3756c
9233974211026,complex,VG_100K/2339742.jpg,92339742,1a09c18e2c30dd78886f811b7e5f5cd4023ff4cbe4acb2680f95230db5b85a04
924027376038,complex,VG_100K_2/2402737.jpg,92402737,1a206fc6740a5c4f76907ee012eb5fccd6a0d5128abb4548c5926e78cf8e4710
9235001411666,complex,VG_100K/2350014.jpg,92350014,1a40b57ab8df95714ea38e4ba74edcf26ae13ffd8d86be8f9131630715a2ccc9
9234137717265,complex,VG_100K/2341377.jpg,92341377,1a4d717f273cf173e7e2f71691227aaf33d762f3ff0f2ec8aa0a857174b744fa
9233544912842,complex,VG_100K/2335449.jpg,92335449,1a614cbe63a9c8f4e653fb200162295b08688bcbed08d0e4299facbd88587604
923240004980,complex,VG_100K/2324000.jpg,92324000,1a6da1a8de68f1665d02eb2ebbd93d9105a8cd44eb28d31623c792bc223a2213
923309172675,complex,VG_100K/2330917.jpg,92330917,1a6e2c208beed5fc417dfb32f37ccaabadec947ea8e90ce53eade65ad0d4575c
9241490211600,complex,VG_100K_2/2414902.jpg,92414902,1a80ed51c9dbf13bfa75913383db17bc33656c5095c9bb7689d6f2d912e6ea61
9238556420042,complex,VG_100K_2/2385564.jpg,92385564,1a8520c761be9cb549accfd6204516ea8b60dc63202308ad7922ab0936e8c4cc
9237879619293,complex,VG_100K_2/2378796.jpg,92378796,1aad339e9e703ac62da4fd0c521e172aa5f04ef5e0770447e0a8a7375784c540
923839076193,complex,VG_100K_2/2383907.jpg,92383907,1ac3e337e992ac84a9d2450678dc9321ca61f01f0aedbdc900a60d89a40d03a7
923410213502,complex,VG_100K/2341021.jpg,92341021,1b03a4220ab856c3bacb9105de56ea4c79f4bfbcb89fe898db18ae31cb617fab
9235869615263,complex,VG_100K/2358696.jpg,92358696,1b0e3bbc0c8acb9f79829c494699c543b95b8ac4091e608d1bec07faf60ee666
9234351418347,complex,VG_100K/2343514.jpg,92343514,1b3373ba2196788314f2424d82626da548a42d842bba2a872367542c59624445
9240850020193,complex,VG_100K_2/2408500.jpg,92408500,1b40a96159228f3a4060999dbcca4e246b120b98fcace0cecf17b5a65b0bbaae
9234458210829,complex,VG_100K/2344582.jpg,92344582,1b46e00200d85fa88267935e55168f8dfbd220a48b8219c2f85f5302e1218320
9237433020299,complex,VG_100K/2374330.jpg,92374330,1b51afec0a82e8a2b26841dc36db45df8ea23b6df60d1b9e839634ad4317ddc9
92359947327,complex,VG_100K/2359947.jpg,92359947,1b8235696ccfbbc0ad5ce9a85cf95f2ca8baa44a1a6138ae1fa983e4f33021c6
9240438514965,complex,VG_100K_2/2404385.jpg,92404385,1b8e4d7435c341ec62a1e7c8a2daace3d865330ebc590d29f2d3792d4a6a71b9
923937163972,complex,VG_100K_2/2393716.jpg,92393716,1bbb2a7701c9d61080964c55b52bb08385b7de1661a79b07f10b21aa0e9a0567
923391617475,complex,VG_100K/2339161.jpg,92339161,1bc58c480764da6903b0f8c8b1351a275d86dac62e76c0039b9116f5b103224d
923885452465,complex,VG_100K_2/2388545.jpg,92388545,1bdccd0ee1d586a22ec336417201b4670bfa21416d51e605932cc06f858d3eaa
9241062520498,complex,VG_100K_2/2410625.jpg,92410625,1bf37e80d346d73add277f79e8db9117c3d21526d8d19b966834ce31a68db9b2
9240550712104,complex,VG_100K_2/2405507.jpg,92405507,1bf889e13046eec9b667024200ddfb4a238286ecc568f3fb240604832e821f7a
9241464011579,complex,VG_100K_2/2414640.jpg,92414640,1c309bf0b5be1131c9ad453583caa08d495f12f4397095748437bd3987a4e4a4
9238531815609,complex,VG_100K_2/2385318.jpg,92385318,1c5957520f6474ef6f7813a0d4a7bda27ea22f62606cc2bb515b592c003e5901
9234911614890,complex,VG_100K/2349116.jpg,92349116,1c6f45caae1829435e5c35943ec117bb04a542ac01853104ac8d8b87238b6b3a
9233740412608,complex,VG_100K/2337404.jpg,92337404,1c7b75e9212cc3b5dd7d2a26bac19d7aefe804caeea9b247cae9d342b1680b50
9241347815300,complex,VG_100K_2/2413478.jpg,92413478,1cad7cb2c505cb01e262c140f2dff90eba2ca410563aff1f69901e6dce71e71b
923618322799,complex,VG_100K/2361832.jpg,92361832,1ccf420bc016c111d0fba7487d63b603b2141d93dc60bd67a53db6e3116f7bb6
923633224214,complex,VG_100K/2363322.jpg,92363322,1cde1ae6e00b1aa8648a9b7e92055691437d5b1d65ad16977a06d3cb2c5b0ce1
923192965850,complex,VG_100K/2319296.jpg,92319296,1ce2745bac9e57cdda8b28986969e7d850faa7a8415e99d04d95b25f652c2f47
924017357404,complex,VG_100K_2/2401735.jpg,92401735,1cf424ecff4ef0ca1eb33de34402f37eedc6c5f4fa8c6c8b0124764bc3446ff8
923648453666,complex,VG_100K/2364845.jpg,92364845,1cfb00d70af6cdc72e184258808425cb8d52841ac7ee3a5c6f0a529fa95f81e2
92323801469,complex,VG_100K/2323801.jpg,92323801,1cfd130ba24f9030e08bab906adcff44ba772d212dfc647888ed075f8f1f3cd0
9237158215619,complex,VG_100K/2371582.jpg,92371582,1d4f59bd555764dc3ca42449a0a8a1fcc7611945ace4504e70626c7137e956dc
924128458918,complex,VG_100K_2/2412845.jpg,92412845,1d4fce3ab6ab9615b79dcc8593dcc3987314125e731e14bcefef7e7d2e33f650
9240421018617,complex,VG_100K_2/2404210.jpg,92404210,1d6418bbb22861f6da50b06369fab587a2f2cf87595e641582b7335b8c5f7bd2
9231973814780,complex,VG_100K/2319738.jpg,92319738,1d74474c41f10886b6278777af8f925ddc828355a83cdbb92d430461c830bde3
923834193727,complex,VG_100K_2/2383419.jpg,92383419,1dac3735e36f3d9d06b19ea8cbd2c18a36dda7eabf31578f6dab4f84a12dbde6
923554065884,complex,VG_100K/2355406.jpg,92355406,1dbfa1acb97aaf52ebd8006b92054eeec86d1d20ae5e8a85216e376b9af45003
900010381896,complex,VG_100K_2/1038.jpg,90001038,1dd3cfd4af40fc71e46211d439d5388a6967f26db5647d6e9de1f323efeffaaa
923753621302,complex,VG_100K/2375362.jpg,92375362,1dde87af06c20dd7f338ab0fb856a574cef9e94fa5fb5954bd4f7d5cd31cd7a8
924155188940,complex,VG_100K_2/2415518.jpg,92415518,1de7529593e39421778d65bd7ab103d65df919826f41e9bf894951c847c7a7d4
9236212919514,complex,VG_100K/2362129.jpg,92362129,1de90c5f41adad301a6abfdcbf9b2f066abbfa77d0e0fc2a99bf1b1b272ae4c0
9241327015157,complex,VG_100K_2/2413270.jpg,92413270,1e2a59b42128b9d88ae99991169829a23e65a32df08d2c7ff2531536e4bf7290
923856297242,complex,VG_100K_2/2385629.jpg,92385629,1e2d7f8327c52546c7a5be64fe4fa09a8594c29a6c95ce21ba252d20da4af438
923259683688,complex,VG_100K/2325968.jpg,92325968,1e34e0dceee4e46d8f01a9eb78e79eaa43b12a838b6a5164ab40b26b2a9dc17b
9237568113359,complex,VG_100K/2375681.jpg,92375681,1e490947f025199f46d1182a81dba2b9ae8f4d6e098dd5861328f59dc6a2aad2
9235951312766,complex,VG_100K/2359513.jpg,92359513,1e891b2cadf5b9f31a21db2eb16144c753ba9c195ce916773d85ecb0b58c7a64
923626866443,complex,VG_100K/2362686.jpg,92362686,1e9da4d7817cba4f0e113c1cb3595bf6e681991771de68c81ded19b4211d2571
923775842562,complex,VG_100K_2/2377584.jpg,92377584,1e9f6466167a3262302018899b283de81d75bafc956305f9a56278e6a97812c8
923637919651,complex,VG_100K/2363791.jpg,92363791,1ee3ea509d88f04551d5dbfb87a8b1a0f87a19bf63940b3b0b4e55477e8c2088
924063437590,complex,VG_100K_2/2406343.jpg,92406343,1ee67c3bccdf1cf3f405c228f8c127d1766a312f338e79745d562beb52dd4981
923764808604,complex,VG_100K/2376480.jpg,92376480,1eea4c9b0a1de3e4960b1494983e2ef9e3d49ecd75fec2f87ec5b7a26ca884fe
900047991143,complex,VG_100K_2/4799.jpg,90004799,1efcb1726b26c5c4508b74d5aa4f26e580d0e4854da32d92a4fe07ee6641bf14
9238797416097,complex,VG_100K_2/2387974.jpg,92387974,1f1497377daa91433f5182c37c7dcf9a3e8722ac5925513c194710a69c65d988
923234684740,complex,VG_100K/2323468.jpg,92323468,1f38ac1bf927a96a7faf4db4743221d55d74cf4283e1e237c678f0489b3e944b
924071517009,complex,VG_100K_2/2407151.jpg,92407151,1f58e50ae97962017b9123f77ba81337dc4d364b548c823eee60cadbb861f04c
923932863039,complex,VG_100K_2/2393286.jpg,92393286,1f7e22c771629153cebb9907f6e7b4ef6cf3a41cf8a4ae804f890d33f0baeee3
924155216092,complex,VG_100K_2/2415521.jpg,92415521,1f9c89a58303740bbad4257e6631e1ac5c2cc7616f963e2d9e287fbdbea02510
923185907498,complex,VG_100K/2318590.jpg,92318590,1fa8cc85b670e662438cead99fff81a4f9044cc7ada3c76f285546675944f6a8
9233991915341,complex,VG_100K/2339919.jpg,92339919,1fbf72621a33764f128e547fea4853e45bc3965f45062bc46e538fb82de07382
30133596,simple,VG_100K/2361350.jpg,92361350,005e3f8e615a46727a804b1360b3adb54ed1bd143cced5f0e123c581909361bc
30113980,simple,VG_100K_2/2393032.jpg,92393032,0072825f6616908b62fe3a22ef852722492b8f16794680e3d008765ef32834ee
30134986,simple,VG_100K/2359015.jpg,92359015,0074e96619fda09eabda1c023a9650287eb3586bfbbf12ffaa06597cf9f2566c
30122788,simple,VG_100K_2/2379442.jpg,92379442,0084ddf45af129acc485489e57e61d832eb786feea5507e8ab0acfdf04cc521d
30127656,simple,VG_100K/2371487.jpg,92371487,008751595ad539bf18cdd78af2de7a9bde8461fc2ec8e6dfb9140032296b5fd6
30110786,simple,VG_100K_2/2398143.jpg,92398143,00e2e26a768b6fc570cf40fc8b07b58c062cbf7f8662110d3458050bbdfa743a
30129157,simple,VG_100K/2368993.jpg,92368993,0106aece773cc90143cf9b6921c864038b1deadb2d48aebfb985695815c1370b
30149354,simple,VG_100K/2335019.jpg,92335019,01448de17449e032f90c67d19960c795f8eff6ebf0463df6558fccb51472617f
30153063,simple,VG_100K/2328798.jpg,92328798,01570219635513b816fdb788d4d8611ad251c1ddc33a8320015289dd8c178428
30147521,simple,VG_100K/2338027.jpg,92338027,01682d04b384570b699416f945120a334b24eb07efd48c366b7d64f23d8179b2
30110965,simple,VG_100K_2/2397850.jpg,92397850,016aed9e9cd7257b73cf232d9cab533ac707b25bf78f3dcb6a522e6c70035bd5
30152640,simple,VG_100K/2329529.jpg,92329529,017d10801afa65108fa42c3d792ee757fd51850eeade2bb6c2ea59f0970e1200
30156132,simple,VG_100K/2323690.jpg,92323690,0195802c71c60265a77a36f5853480463423fb6b4bf41ac24078d8e9168d1e1a
30115178,simple,VG_100K_2/2391260.jpg,92391260,01e5a2cc6c1499c6c997134de4c3ed293794f272fb2e3f9fc09c2088e16aff43
30142939,simple,VG_100K/2345703.jpg,92345703,0203df0653f5007d9868789a097763d804358c7c3eebd9635708ee5bf672afb8
30124958,simple,VG_100K/2376001.jpg,92376001,02248c5a4f7dd1b9d27f7e19717790b0e31e7a72e8110e78c0c1af6cffb04758
30127799,simple,VG_100K/2371258.jpg,92371258,0227fdce18b776ea675fa03440684967d881e6175d09556a9902e3855cade862
30113942,simple,VG_100K_2/2393108.jpg,92393108,022c298b081411397c9b03365e76cb4e7b871d6bab26303549c8c14caa742217
30155324,simple,VG_100K/2325034.jpg,92325034,026084713399a803bc75325fe954b1936d0800383861b00b39a441c5a1e25652
30119472,simple,VG_100K_2/2384611.jpg,92384611,027e076abc2dc663f8eb643d777ba450c34031740966c17acc01cf51726f004d
30138120,simple,VG_100K/2353770.jpg,92353770,02b5206ee471555711ea3b877884f670b9b67762ff36489661705ebc053bccef
30157134,simple,VG_100K/2322066.jpg,92322066,02bb26fc2187a2ab929afb2e119901497fcdc4e0361ff06d0212ae11271ff648
30136291,simple,VG_100K/2356805.jpg,92356805,02bb8c65bdaea06913043d74b2ceb04ad08c4749c33f842a46c502c60b1a4342
30094098,simple,VG_100K_2/2414049.jpg,92414049,02c96628d9a4ab551da2037403f13452c294f0cf6dfd0a121153035eb71ffd83
30098814,simple,VG_100K_2/2408840.jpg,92408840,02cd4c7d09d3a0733b79ec9762bffed47fe125ecd16770ac9cc9467e431d9eac
30134724,simple,VG_100K/2359455.jpg,92359455,02d393af25aa137af4c34ef19676eb7576db4fa2206931148d4935d4541d61b3
30121250,simple,VG_100K_2/2381863.jpg,92381863,0329ced96fec204155fc08303403d20950243cff3f8b8d2b7d8d9b0bdf5e61b0
30102152,simple,VG_100K_2/2407072.jpg,92407072,0344d576939bf9a5bbce8d085570701c83c21fe768f09561b453f42181b5fb52
30098117,simple,VG_100K_2/2409169.jpg,92409169,0345e050ce12320338d2ad5145b655843f0a3d4162215fc7db27fb054d4375cf
30148224,simple,VG_100K/2336897.jpg,92336897,035741795daeb6795e45499f539877325eca7b700cd35de9189210aefa3f6b68
30154203,simple,VG_100K/2326838.jpg,92326838,035eb6142896b1c50b2cd704dcb0ca2ad8ad30428b9d10d56c8d761c6376ecfc
30127365,simple,VG_100K/2372010.jpg,92372010,0377375b4659e61033b880ef533c5f49726c6059afd84bffe0002a8703f38565
30130667,simple,VG_100K/2366421.jpg,92366421,03c30b0bde7ee4963efd8f874ab09f768e19903586e75a73a9a004b920a8d68f
30149855,simple,VG_100K/2334205.jpg,92334205,03f5e06e9dba0ff2f78a2e4efd42a17c8fb2510e4d908384da4e06f3cdaff6e2
30149734,simple,VG_100K/2334391.jpg,92334391,03fec4d74c70a66cff6893fec6c31bcfcf550186421e8959307111008e56a856
30117742,simple,VG_100K_2/2387349.jpg,92387349,046fea82f4dd19d8ea6d9ecac7863cb7c0c2c68e7c8616b4be65a9eb7213823a
30111136,simple,VG_100K_2/2397551.jpg,92397551,0472664b4c583e85a2aa73ae9469deb23bd520ac9cbfe4a74c42e4e80552bf99
30133883,simple,VG_100K/2360868.jpg,92360868,0488e6084fdabb1baa3f6651d12e87f5b955ea125f23fe22c25d65bc2b59dc6d
30128122,simple,VG_100K/2370757.jpg,92370757,04983a6d9211b72a28f4b857852b912491c440f47bd073329688fcda2aab48bc
30150204,simple,VG_100K/2333623.jpg,92333623,04a540fdb76bdcf190230457c612eed509314b19b26b2cdd7dd174f3bb25ed77
30164390,simple,VG_100K_2/2412429.jpg,92412429,04b7e0f3cdc380b304a0beb5dbd6d4ae3528a4237972aa61cb25873d59321bd9
30104384,simple,VG_100K_2/2405971.jpg,92405971,04d2761c541c0a9625d611c1cd30035caa7b6ba4fbb320b91706fbef66bdb621
30117510,simple,VG_100K_2/2387729.jpg,92387729,04d3ac8b2249213d8d627c4585cac6b42e3518a6e1b62077311cefd6cbeb36a7
30134926,simple,VG_100K/2359120.jpg,92359120,04d98f596fc697e024fda2bba71bbd5891e810de2f4e5ea3fea7d0db94c2777f
30106871,simple,VG_100K_2/2404206.jpg,92404206,04dc1a043744140b8304324e54058df4396a10e7804c4426d69988f2a9511933
30096703,simple,VG_100K_2/2409895.jpg,92409895,04e93a5d719dda6ce513b24ce14411fed46f99b272af1e6af5c56c299dd74ace
30131740,simple,VG_100K/2364461.jpg,92364461,04ec04a06bc3bd8350b84cd5392a6b7ab56c9826798077ebb5b2a122f1835597
30105470,simple,VG_100K_2/2405415.jpg,92405415,04f64d6c13b71e2aca6e7c25f79fbfa3dbba24b865907721840beacc899ebc1f
30135715,simple,VG_100K/2357772.jpg,92357772,050bef1fe31d7872964aa8f712b500205c22964e1c9c8f4603094c04275f0b57
30130408,simple,VG_100K/2366839.jpg,92366839,050d2a31c45a7a478e95f143355bc5af0e0412b1b3c36eea6d18f51f22a570fb
30119246,simple,VG_100K_2/2384983.jpg,92384983,05145986ee4a0fea5dbae0f7b058969883d41cdb37495c18dadad39539325058
30151166,simple,VG_100K/2332019.jpg,92332019,051cd8bb4817106e3b57f668a799733b7c83c587bf5d205758b338e57def6897
30122521,simple,VG_100K_2/2379835.jpg,92379835,052083f9baaf176c69cfc2be32d19860e97e52b2bdc73bead5d4c4644552ab20
30150186,simple,VG_100K/2333650.jpg,92333650,0559d5b6ca78b1cf1ff84d880073126e925fe37255098903a9d42d7467e3945c
30123882,simple,VG_100K_2/2377638.jpg,92377638,057d4d16297c20cdf18272ea5e1c368f0ffd0fa863abf87c56d7b0ee4dc4c342
30120731,simple,VG_100K_2/2382728.jpg,92382728,05d1bdeae9746887914dc8a19a4c8173c48f3486d8d3d837a0fa8c4c1fe39ac6
30102568,simple,VG_100K_2/2406844.jpg,92406844,05d65f3d3c3b10d7b93f4c3d33922b3cada718bd4451daad673bb517ca0f0341
30139892,simple,VG_100K/2350728.jpg,92350728,05ea5adf8d459e353bb7f967bd6a36842e63c9672d5ce49333d0a40d9df3564e
30160808,simple,VG_100K/2315655.jpg,92315655,0639d2e538b1a0c37631c78a2dbb1e0ccd080f8713dda953dd38af1a3d5f0b31
30138533,simple,VG_100K/2353046.jpg,92353046,067b07f01147224fe5fd54cf2cc98e145f00c05b5b737440965216cb6cfe5fbb
30132652,simple,VG_100K/2362970.jpg,92362970,067c6d875430f9bbc1cca1a80a26df2f67810271f306212e08ae6d7c96e5b9d2
30156706,simple,VG_100K/2322796.jpg,92322796,0684757de45896134e2d3f0e7bdce7895b90965f264504ab2b3368015c2ab6a8
30143276,simple,VG_100K/2345186.jpg,92345186,069fb32e87a83ad8b342af2082cd9b305115f77cb7d664fe7edee44cd3bcde53
30166951,simple,VG_100K_2/2417892.jpg,92417892,06e3a597810bd4cb5652f06cf36446e9eaa1ab76ee30799487999207d2acef67
30119450,simple,VG_100K_2/2384645.jpg,92384645,06eb06a91dbc705de9be53368fc4d0f32bbb8d86fb5d92ec0890ba847e3e8e22
30140830,simple,VG_100K/2349188.jpg,92349188,0728ff65dd0abf6638134a5395eb1637709b02918f06b8e77cc17dad00dc369f
30123263,simple,VG_100K_2/2378687.jpg,92378687,073779d5b9e916bd01cde4315741c3ab93fff383d6c5144998a922394f2290a4
30111710,simple,VG_100K_2/2396703.jpg,92396703,07590b393ad46aad31b51df76e8da00e8784296dc50dd7cdf14747a9056756d5
30158729,simple,VG_100K/2319035.jpg,92319035,07762953f6bdf7643bc46e5d027e9fa03f4a3b481250cc4c26deec188fb72629
30136206,simple,VG_100K/2356924.jpg,92356924,077644b907c04e69ba544098af6e7580d8e6ef10eb9a1085effa6074d2918dc5
30120969,simple,VG_100K_2/2382342.jpg,92382342,07a87d68697ad22a554269c119aad56711e6836abfdbc16dcb7b460d96fa5f7e
30101105,simple,VG_100K_2/2407619.jpg,92407619,07d23712a18d6efc96cf2224cb3f95bcbb955a7f62534df779c8b4ca3e707e19
30142539,simple,VG_100K/2346381.jpg,92346381,07ef29d29def8cae13c7fdac4e0585b0816067d3c4e5da881345be6f69c19bee
30105750,simple,VG_100K_2/2405232.jpg,92405232,08099363c93ba8d48c4c770094a6ccdc90088c52d68a8b73e2a773526067d62a
30166921,simple,VG_100K_2/2417833.jpg,92417833,082172c8807e61a8e44bdbaa43db14ccb0b7d2fc7886bb95b9ca68afe8f57454
30142663,simple,VG_100K/2346195.jpg,92346195,08274d7e6f533e5d1b27a3ba923c05aaa39dd428a9caa3cc7a5530b8756183b5
30119954,simple,VG_100K_2/2383917.jpg,92383917,0837c2e3875a4a272b7b3b78347ef928ecc61c2e4fd44d50b2e530db3253717d
30157597,simple,VG_100K/2321234.jpg,92321234,0845b1b4e0f36e0c4633afc92c18ecf7847948870772e405708477f5eaafe3f7
30145436,simple,VG_100K/2341477.jpg,92341477,085427866e9086a37d27319de5a452ed62880c34334d99d2de954f315e2c00bb
30160102,simple,VG_100K/2316795.jpg,92316795,0882be27472fedcb3f9f44d3e5741036d30b8f5a4142f50e556522343fdd8fba
30116140,simple,VG_100K_2/2389786.jpg,92389786,08a2a94112a2ea4ab58cb594b8364775109e24b60dcdcc97276a3293d514d339
30126508,simple,VG_100K/2373450.jpg,92373450,08ba5cdbdb946ca1f287e9b89394712e50650335304e184d50c3b4e70bc65bc6
30140745,simple,VG_100K/2349349.jpg,92349349,08da05d36fd688c318d1c2da452197899b5ea43126f07a11abc9402d87443b89
30107825,simple,VG_100K_2/2402682.jpg,92402682,08f2370aab70e4dbfcbf9125c32536a8e076bb1052f60006b003b78e357f0c2c
30101834,simple,VG_100K_2/2407247.jpg,92407247,09240a1c417b980daf1fdde5814961fadb1e44622c9b553fae925e73f1795b6c
30152958,simple,VG_100K/2328965.jpg,92328965,0953de7aec7b5c0ebfef8a7289701c69fac779f87e8fc2b3487440f506762ce8
30099944,simple,VG_100K_2/2408246.jpg,92408246,09a85887c2d20f60aa7b1b0c224598417e38e40ecda7860f5b3c05e4ec0fa4c9
30144954,simple,VG_100K/2342280.jpg,92342280,09e55e923b146c7490c526cd7b263526ac2e7de9f0a3dab6ae54f929fd1fe66a
30135463,simple,VG_100K/2358217.jpg,92358217,09f7a506f2ecf253edfe30344ef99d71ceddb4e8eb74d226b45b29f5babc1214
30125851,simple,VG_100K/2374521.jpg,92374521,0a1fc9c5079159f3d3f68e4744e70dc13adfb6f030a76e14de28549f4184e710
30127371,simple,VG_100K/2371989.jpg,92371989,0abf1cd95281eca31a63dc09cc27899b2a80394f6b8601535778efb8e4597ad4
30148879,simple,VG_100K/2335777.jpg,92335777,0af05c7bb0a2eb610b5d742c5ebdfa2acb8addb0300b8be2ab994fe33e4aafc5
30110620,simple,VG_100K_2/2398398.jpg,92398398,0b1eb8362d834c89263b5df8e06e9d94a7a650fedd54213969a814687f7aa033
30119613,simple,VG_100K_2/2384387.jpg,92384387,0ba73cb11079a6339c75212080f6eb5ee520f19b1ce23182c0a48d888adf5c5b
30151717,simple,VG_100K/2331111.jpg,92331111,0bd4137a0e2a308df94bc6ae3f36b9cd3a736196139fb34717e5ec39db664a3b
30141227,simple,VG_100K/2348463.jpg,92348463,0bd7aff781d9e2ee02f0e5e16824f08e39d5f319ee0678f49050e42c6b6e0984
30113390,simple,VG_100K_2/2393970.jpg,92393970,0bef6f82546787724eb23d369dc2dc8c819382c6754f27d215f0c78cbfc93669
30106958,simple,VG_100K_2/2404075.jpg,92404075,0bf6ef535cd083e01fbf1f75cd131cbb1bd4eb576526bf66da16180164ea40b3
30125684,simple,VG_100K/2374809.jpg,92374809,0c0ee296ed2f35bc967e4f43f0d10d6731d7645d37122f49d4df762104addbd9
30146729,simple,VG_100K/2339327.jpg,92339327,0c3c3a0c6014f7a260085f4b1e0b8aa3605003dd28017d19a97586a6991b9bb3
30149266,simple,VG_100K/2335153.jpg,92335153,0c4a4a416bb29918a1a39d2ab88e40ed9d1cb14cb5bd994512e5a44593ab9c39
30102607,simple,VG_100K_2/2406813.jpg,92406813,0c6a6b0db01f32cf21e19d242e0537cb5e716f984565db83d4ea86ac6915dd1c
30152852,simple,VG_100K/2329139.jpg,92329139,0c6fcdb09d1d1e66946b2de6a5d886a5a8cf597864c1401dd318263444eafeef
30124380,simple,VG_100K/2376884.jpg,92376884,0c7b1edaf43faef899838f0c1f80886ce5c47afab7b854ccbb4b805fc2b83377
30135941,simple,VG_100K/2357400.jpg,92357400,0cc53668084f85545aaa334c55d9e0cefdfb4098daf6a4df2f7363d7f963cfbd
30116551,simple,VG_100K_2/2389171.jpg,92389171,0cd7d455e99703ca380356239be5b20427b83876161ba67fa58dde3ab9ff2a60
30112031,simple,VG_100K_2/2396165.jpg,92396165,0d0b25a2328275d1a26e6c807fc398e939cce7d59fb8f26cad69c37cc5e57386
30102838,simple,VG_100K_2/2406705.jpg,92406705,0d2f99cb7c237fe81e6b7f1afd847f2691d83e664c903af8f220cd71ba92d799
30099541,simple,VG_100K_2/2408427.jpg,92408427,0d636b5680ede1576a12bd2dd13a20e98b8e8366d94db71d28095acc1f587b52
30134365,simple,VG_100K/2360069.jpg,92360069,0d6a313d9876f531a12e8b98a3d69f35522055dd50e3ef8a524eaa4b38b77e68
30123092,simple,VG_100K_2/2378989.jpg,92378989,0d895f5bc0577499f462e23001891c9c23db3353f5cac272653a52c68d31bff2
30162008,simple,VG_100K_2/2414135.jpg,92414135,0d93c8eea11d476e6d20ff54f7f897860b83b946d0e1331cd9d8e96a228c778a
30147283,simple,VG_100K/2338492.jpg,92338492,0df010e5e1b9ffd0b8ad5dd370bce69eb7cdf05c69037bcd6809f1c5c3da2bbc
30116095,simple,VG_100K_2/2389845.jpg,92389845,0df56859d82c6d3d8ee9d4324174d4fcc67a93ebd77ad5634783363af68cb9f2
30112648,simple,VG_100K_2/2395168.jpg,92395168,0e31e895d48b9d5c8751855972bba9f15504839b75c468f8c055b8b61594dc01
30150829,simple,VG_100K/2332594.jpg,92332594,0e434449fc12d807d57ac4238e62dda4909cf757363a23e097ee04c733030897
30159200,simple,VG_100K/2318270.jpg,92318270,0e4d81392f55d8920268f48b35604794e6bde5d9e5822899da32929b7932dd95
30107922,simple,VG_100K_2/2402493.jpg,92402493,0e62f2834a24fc68987638110fd1548f7e17d3c5d25da4a0811b25c2b808f87a
30124126,simple,VG_100K/2377269.jpg,92377269,0e71d8d72167834dc4b3c2b780d56e8f4a113c51700305d1ec9b9869e23d747f
30135722,simple,VG_100K/2357766.jpg,92357766,0e8e82ed7ba5cd122457bf45f437902667f18fa5e79b622d4286536522d4a8dc
30156689,simple,VG_100K/2322831.jpg,92322831,0e9f2504fb75540543f4036c7980aefd542b792e438e364c670dbb7536c9fbf9
30110265,simple,VG_100K_2/2398991.jpg,92398991,0e9f8ce95ebdb1ea645aadc8251daf8e5f18cf19909c8261f105a3614b88df70
30156765,simple,VG_100K/2322700.jpg,92322700,0ec2c61001fa22776bad46f02869578cdbb5f0412f81152afaabcc6c18a75885
30115586,simple,VG_100K_2/2390617.jpg,92390617,0f38e26ea887f955e916c253e22a7388976f37d24b3605a06fba071d6950a951
30156488,simple,VG_100K/2323160.jpg,92323160,0f3f4b847019605d21123a2be2bb9c387bf18110a2c207678a258e0412d1a8f7
30132142,simple,VG_100K/2363800.jpg,92363800,0f6354f185267e647eb61350ce075661194cbde648ad460fbb51d9df41127981
30141399,simple,VG_100K/2348167.jpg,92348167,0f9aaa0796cc332a10fd04da28189730ab28913b053c44ca01b755afb696a73c
30145053,simple,VG_100K/2342112.jpg,92342112,0fb28c9438a647a97f4fafb11557728e93d53be3fb33da3c25608322248cbc3c
30131502,simple,VG_100K/2364890.jpg,92364890,0fee279e3d776c0ce9ff271e51fa3521bfc2064a391e8cf7a63b2e6aaf07ba48
30132839,simple,VG_100K/2362659.jpg,92362659,0ff99997cf9424dbbde6316461d8f84bd0eaf54fa56632245b255414b9dbcf57
30093760,simple,VG_100K_2/2414962.jpg,92414962,1001cecbb6b3dc81255c414e09bcb949b54e23bd8f1104678586ac09e2c1b119
30108849,simple,VG_100K_2/2401130.jpg,92401130,1010aa61e680702b2d58e6e1ce32b6e9f114b48e9904e32c0222da8ebd64b69b
30129931,simple,VG_100K/2367714.jpg,92367714,103eca2277947bdc492c2dfe5496bd8ed3c036bbe605212647ea5d95e86a45c7
30137265,simple,VG_100K/2355258.jpg,92355258,107d28eba7353f5678c4fac3aede9cb2691dbc135d48ad56f97932c9b228b6c1
30154251,simple,VG_100K/2326772.jpg,92326772,10b07658e5957679dcc86ed8f7ff652e7972bea2ce10ff4c1db02eced882af84
30133345,simple,VG_100K/2361785.jpg,92361785,110fd54aebb0aca2cbe06640ebccda17af41fbcb39def5822746f997b49831b9
30110157,simple,VG_100K_2/2399121.jpg,92399121,1160967f65b054b450fef60535ece70e2e78d04243b672ceead6a4a8459e9aca
30128049,simple,VG_100K/2370859.jpg,92370859,11af717369e58d6002555f47a3d92a66a73b73be7e1be52e60bbebc6135cd137
30102557,simple,VG_100K_2/2406848.jpg,92406848,11c2fd7c6d7e7c20c59dc51de192f251de7ef8239e7e3947f579746fc3ed6853
30120491,simple,VG_100K_2/2383093.jpg,92383093,1225cccd484d2ace735a985903bf0356b131f0c1529359ba34fb5b9f2d3810bf
30147082,simple,VG_100K/2338784.jpg,92338784,122c528fd8a35add4d7b57edc13e32fafa7465503c0eabe3ba0d1997b20636e7
30132080,simple,VG_100K/2363881.jpg,92363881,122f5e037bffb862e1aea29feb9702f624f3bd557c6732d2ec5bffc74c9564a1
30161536,simple,VG_100K_2/2414616.jpg,92414616,12bd60a305dda0fe6e678e914e4fee574caec4b98e4ad8842a0fce3192c31221
30093765,simple,VG_100K_2/2414940.jpg,92414940,132f0e47ea80bfe30030bd09a21cd956c1fad7d7d4053f51816b2ccabb229804
30154186,simple,VG_100K/2326894.jpg,92326894,13314644a4b31b30f9b3b7b134fb8694f4d93bb17859911d9fadd56bf888c833
30135406,simple,VG_100K/2358324.jpg,92358324,135ea26cb8714ed5b0bf6377a77f9b2055ef05f37aa94a7a34b7e0dbbec25f4c
30143491,simple,VG_100K/2344790.jpg,92344790,1365d7523608057169030a1c01444e2f8afea52148a033d1bd9758f234b1faa1
30164316,simple,VG_100K_2/2412481.jpg,92412481,137d27c5cab0b9a4f39d714f34d08c9b28c06a939b2429c90ac73f8349089af6
30120404,simple,VG_100K_2/2383227.jpg,92383227,13892872dc4aee4d5ea9b21f256755c42a53fcaaf990f302e998256c53d34ffd
30150236,simple,VG_100K/2333588.jpg,92333588,13a9f790c83894fe205d306bbf1f4f7259a5b06887dfa23e53de4db01778e3aa
30150500,simple,VG_100K/2333186.jpg,92333186,13ba9892cb41f2579da355905686f4b8cd593d6656c6809fa0ec34c7566bd12c
30108190,simple,VG_100K_2/2402099.jpg,92402099,13ce6f5d502e52c98aeb71121eff9968476c3e7d908a8bba62a5479672b5b9bb
30149959,simple,VG_100K/2333999.jpg,92333999,140e4d937d9e3bda2bda4d395cd2e01e8825fb087d7c2fd0bfe3e3f9f49b3c03
30159507,simple,VG_100K/2317693.jpg,92317693,1427ba162027485bb990e15ae7e73bf21a0852f8a960c67c722cc87a097f3f75
30125706,simple,VG_100K/2374756.jpg,92374756,145c78b590223a41c1ac320c896a38bc20cfd32df01b6b6a32f49da9a700447c
30106130,simple,VG_100K_2/2405022.jpg,92405022,148a36495b3c1eeec40dad9f2841185b511e274c21ba31c098b7d0d172b8ba96
30114762,simple,VG_100K_2/2391874.jpg,92391874,14c46ad36f453cf9048cdfd9f9eadfa2d817758b2ff29d2b56fdd12ae45cdbe8
30117837,simple,VG_100K_2/2387206.jpg,92387206,14ce02665e38917be4695cab2c7d68478199d0c380573d51199be9a4b0437474
30126132,simple,VG_100K/2374041.jpg,92374041,150f7aca58afd8c6ea70d6a9e53963fa0715b06c03dadd97390d724d72d10a9f
30106792,simple,VG_100K_2/2404305.jpg,92404305,1593fb0bb38a4a4edf7aa292420beb012537ec10635cb2c911c01220b64af13f
30105469,simple,VG_100K_2/2405416.jpg,92405416,15da6a73c6a6ce3887784d7ac5bfa25f95e9812d71f63341d702a16097f05920
30161295,simple,VG_100K_2/2414833.jpg,92414833,1609dbd5db05a645a7d30fff80464184851387febe0b6103684ba2eb2918d420
30107949,simple,VG_100K_2/2402449.jpg,92402449,1618c5262701ad161f3c5f79bbcbd821f9c996512f941b4d56111e4d045f1be0
30119430,simple,VG_100K_2/2384681.jpg,92384681,1632234d3c96cd43ae79104f7c35c71281b94ab53d0cb55205cdb9d81b73987b
30135546,simple,VG_100K/2358069.jpg,92358069,16587f8cd046fa95c47b8e4a098d7f184d8c6800fa619dde0fb29a53925bb816
30127006,simple,VG_100K/2372631.jpg,92372631,166860990b9f6a2ddb73627b21b777f469c48d20d16fe4963efc07cdd4dcef48
30135974,simple,VG_100K/2357334.jpg,92357334,1669c686a0d83d2234d0843694352dbeddaca7e552d1745db27eeb2e5c75dcd8
30158339,simple,VG_100K/2319787.jpg,92319787,1674748c8388e7c2fe371660da92dae5504322e3d21fc13fff102ceae6cfafab
30118263,simple,VG_100K_2/2386512.jpg,92386512,16cfeef40303b2913e3b8976510cd2406a3f290ad97a588c23f055e9fe030b9a
30145054,simple,VG_100K/2342111.jpg,92342111,17339692acbccb07819bac0e9ba69f0feac2b047c2959a45ef3d80b943505766
30109155,simple,VG_100K_2/2400643.jpg,92400643,175119f7bb0e93b85b3af3d3500836446cba91b1e25a2e87b94e527af5b96aff
30121339,simple,VG_100K_2/2381715.jpg,92381715,17576d1a1ac638002254f8c0eb5efb1bdf32a370d8c83c2a3216bb5ce0211976
30136870,simple,VG_100K/2355882.jpg,92355882,176979d11f15423edb3f979b2af627d13dcfed744df8e0d60c1e0288be40b529
30142137,simple,VG_100K/2346968.jpg,92346968,17701579428fd9a72d0d24678ab369e68407e549f4a0251c5308e0d7a6922e31
30144196,simple,VG_100K/2343565.jpg,92343565,177362ef33e392ab3ad1d05ec41505b80427b73ee5ea45a64188f595e1d9eed6
30107019,simple,VG_100K_2/2403954.jpg,92403954,177de44cfcfa840caf8d9539aee3e78f8c708ab4262f03311ad8f53b2c826393
30151108,simple,VG_100K/2332099.jpg,92332099,178241d7d38d32d8d8cb7921308362308ba38448d3f687f86693b65f6e7b276f
30136651,simple,VG_100K/2356235.jpg,92356235,178395245f674b9b672e847bd2a693852e3168a71419277989f0dd355248b613
30110306,simple,VG_100K_2/2398935.jpg,92398935,17ddf3ff61ecb85438a57c64e27c45cfbd168ea8b72bcc6ea0e2541e1359aafc
30141658,simple,VG_100K/2347727.jpg,92347727,181174a28988794a0d5dbf147d1041383f323c31864c5b18ee767c4f014d4c85
30145075,simple,VG_100K/2342079.jpg,92342079,18192611d17ff29e73a180a7d3f70176ced344388e60a65854ca90b71c559eae
30104449,simple,VG_100K_2/2405939.jpg,92405939,18313acf0942a2619b312d593d11524e91d2008025d431c0debf73f531bdf324
30154355,simple,VG_100K/2326589.jpg,92326589,187f89f05a6a7506a05a4c5b21e09e91a0abfce93adfb3db20d4047a8b6d8f01
30143504,simple,VG_100K/2344750.jpg,92344750,191f533582bb1cb141c10f0c40e71164b16a8624b10cfb4460359bdda92f6217
30134128,simple,VG_100K/2360465.jpg,92360465,1936fbd9489c19107061fa675d958b99913b0064ec345e13fe0bcdd387035a9a
30151747,simple,VG_100K/2331080.jpg,92331080,1a0cc3f87b75c23e89be81061ce790d1748146aeb6e8127896d6516e8086c8cb
30124838,simple,VG_100K/2376174.jpg,92376174,1a11636b0b73a2b261470d88511cb89e9f49258ae2a4634d90d22c37c90bb086
30125710,simple,VG_100K/2374745.jpg,92374745,1a1499fc70170715d7af468ddb4efed313583f199574bf14cef536ac1b0c6bd0
30161557,simple,VG_100K_2/2414593.jpg,92414593,1a260994d925915ad6821a16b6230a653af30c6484f39dfeaea585ea3eb30e67
30151692,simple,VG_100K/2331152.jpg,92331152,1a49cf16fa32c9418349e300d544b4688aa670d0d7f76bdafdba72b04b4957e7
30130465,simple,VG_100K/2366755.jpg,92366755,1a78f7b2ad3e52665408cefe89c30418f4e4ec10efb762995a32e99d78071478
30131129,simple,VG_100K/2365618.jpg,92365618,1a7c1894f8900540c126f4a9604305b922b52cb120f62a8f2ce4f1f89a2dfe05
30147629,simple,VG_100K/2337835.jpg,92337835,1a85a043e21e0a8d8ce82fded50fd4ed9e8efe69ec5168d278188cb1f95414de
30114628,simple,VG_100K_2/2392073.jpg,92392073,1a98f9b031d04b0b237948ccf8cb1056b4a091a638ac9ce3d1afc5df7c5fc19b
30147331,simple,VG_100K/2338400.jpg,92338400,1a9b1af5bc4276dd261990b5176a55e4f282f8015163552144f26f33ce7574c6
30111424,simple,VG_100K_2/2397110.jpg,92397110,1aa8b815ad902e5fca7f9c25370d640226acb20e59487f8c4a0781b7842cb2fa
30154824,simple,VG_100K/2325801.jpg,92325801,1ae05a9bff8341fa01b2bb36491e4638fd81ff4bccd58e0d1cf381008c26d7c7
30114348,simple,VG_100K_2/2392498.jpg,92392498,1ae37ad3d18d20ec67fb53615b54e971420d2597dec54cccb569c0d8fd4d87f2
30133096,simple,VG_100K/2362166.jpg,92362166,1b237cb69cf73a538ea0dcbd07e1de841a3aa9a8ddc0764b08fc7dd41f8a42fd
30119634,simple,VG_100K_2/2384344.jpg,92384344,1b28e11f6b48ddb48fcb56d6f98345439427cdd106f692519e57d856f2ce8862
30132703,simple,VG_100K/2362876.jpg,92362876,1b2c07a3c00d951cee7ffd9ec65e663383f17eab7411d935663a1cc2bd6c61d7
30142304,simple,VG_100K/2346699.jpg,92346699,1b55e2b2ff6c122747b095fca32f88544225efb2366cf6a450f6e62327a0b2d5
30166974,simple,VG_100K_2/2417944.jpg,92417944,1b5f967c8f244cdb38f4fb87e07eda6a7d857f792c8754a7236338164cc763ec
30123573,simple,VG_100K_2/2378157.jpg,92378157,1b6f8deb850b522404bb5d6992ad2426e5bdcdfa84531fbad5747c548f26cab9
30161155,simple,VG_100K_2/2414948.jpg,92414948,1baf2d6c1e2fffb9b9daeb9992ea65bd1f2d071762d930e161789b62444da146
30119347,simple,VG_100K_2/2384814.jpg,92384814,1bd150db0c801f80985f91ed16d36e8d2b174a644393f6ec2a795144bffd5682
30134429,simple,VG_100K/2359955.jpg,92359955,1be307f7a7956e9463561a074dd98431b7f03bd1e01be56ca658dca37e4bac0c
30119656,simple,VG_100K_2/2384318.jpg,92384318,1c1730fe03d67e79721d24c599127d0238c06c8336c6fabc4e0d0498b6053ec7
30092696,simple,VG_100K_2/2415081.jpg,92415081,1c1f457bc801a2e0ce1c8ac536d7960c50cb31ccdf971069f6400a57a00fdecc
30131362,simple,VG_100K/2365174.jpg,92365174,1c481bb329e3639e5d7298153ff1901a42d7fe0815dc724595a62762a5124533
30122418,simple,VG_100K_2/2379994.jpg,92379994,1c4f18a09b3e5c5d375ad8a5ff2be52fbcad02c58acddafe123028801c50f907
30100938,simple,VG_100K_2/2407713.jpg,92407713,1c51b99e9811f36e4cb4b3ef641f0279e00f69693f4273efa53ae7610ec19ac7
30138675,simple,VG_100K/2352805.jpg,92352805,1c8c1e08ae409492380d7b4b61be2cc0e569b5b0c66e7313ba854c503f8d1545
30107272,simple,VG_100K_2/2403535.jpg,92403535,1c943976d338df7dd98b08ce4bd7fc221599089a1b0937735d15877af1335634
30094687,simple,VG_100K_2/2412539.jpg,92412539,1c9f756b0e92cc11ef492571bd4528538bd0b097ebe4e896d1f27e7f11362316
30112136,simple,VG_100K_2/2395985.jpg,92395985,1cb2b84069e9c19e1fee1e423ecc84bb390669ca0668bafcfb1ead92af5744cd
30154023,simple,VG_100K/2327148.jpg,92327148,1cb59aba67b556ea3b9ac12bc29f61117829cebf38d92144ed5d00614a46628b
30112279,simple,VG_100K_2/2395754.jpg,92395754,1ce8ea7c90d7cbdeb92966b189ed3ec19449059cc6ec2c46b8b731176fb5efec
30112331,simple,VG_100K_2/2395663.jpg,92395663,1ce971b39137a917925b714bf41a0118f07003470a0d8a3ac355d864d3dae4bb
30118538,simple,VG_100K_2/2386134.jpg,92386134,1cf8f827e4b356e18774d9abcda7dae0ce6e6863fb615914a246f7654877ab9e
30118620,simple,VG_100K_2/2385993.jpg,92385993,1cf9b9f78f1eb790aa3ab9c904cfc2760fb3f93fcfc62e8451e8f1d4758ede8e
30102893,simple,VG_100K_2/2406679.jpg,92406679,1d19ac8fc73669b7a2048191c8074a4d70e14fb6a50aac005fd83cf76d439fa4
30110700,simple,VG_100K_2/2398292.jpg,92398292,1d20bcd09d7a82df573dae0b155d80a96f5749aa87d95a4b0e4ab79c1418f568
30141368,simple,VG_100K/2348220.jpg,92348220,1d613778b69f30b4a5592731d89599ff38ff27c311e0121479d4a1ef14226bb7
30157703,simple,VG_100K/2321031.jpg,92321031,1d7b0096c8ee85b819f3da5de1872fd914ec5e50da75de9fadce4288c7610c16
30164814,simple,VG_100K_2/2412108.jpg,92412108,1d82e6fce6ff67d781f5e391ae746093e5ff608556d3469fcddd712a8cd99176
30128133,simple,VG_100K/2370740.jpg,92370740,1d9f262fa2bb5cf985210540b776ef929e1494f8dcbf209bcb2e32c768d3b3e7
30110393,simple,VG_100K_2/2398788.jpg,92398788,1dc6797c6b5b3b9bbc6ece19dc38d26cff34da4234adeecb4a16e280b5271ea0
30113528,simple,VG_100K_2/2393713.jpg,92393713,1ddf31d707618d52c705d1b585ad306f5620cfbde38376ce05f7f5f685749b7c
30157728,simple,VG_100K/2320990.jpg,92320990,1de30f62ef861cab12cfd07480b8db3f27f06772e3210b181e2d7d9290c0f051
30104714,simple,VG_100K_2/2405783.jpg,92405783,1dfcce4e486327c33d9061639b15bda7797ace5f3c853ac5f01606996a2f9b5c
30152654,simple,VG_100K/2329505.jpg,92329505,1e0f0a6120cd4792716652d46975838b5e7e87367c1bde2f41f52e43320bc537
30160418,simple,VG_100K/2316309.jpg,92316309,1e3fa2e8e7dbb2696faaf1d17f8432acb20a067f0ed333dfac8151e206542ee3
30121453,simple,VG_100K_2/2381526.jpg,92381526,1e451224b7d020ca3b6f19ad57595a4968b32139d9777ee61607626411fcf42e
30107559,simple,VG_100K_2/2403047.jpg,92403047,1e752b40768084253f784d7e68a9aa3924ac02f44bee7dee549a0bd2ba881238
30125748,simple,VG_100K/2374686.jpg,92374686,1e9d5600f28ea9bbebb4c6705d2f9dbe8513d7671a5c12ee0e2f26184a09aa32
30112163,simple,VG_100K_2/2395927.jpg,92395927,1ecae15f7e950c18201844036f3c682d21a3d2b8b61aac9258200e88a7bd8f05
30109886,simple,VG_100K_2/2399551.jpg,92399551,1ed414d74a5f94db25948d5e0c6460797811df0ce83ad4dc0ce17e8736cb2b68
30115502,simple,VG_100K_2/2390754.jpg,92390754,1ed626efab16bdf58ec44c4dc38ea01c7a8c0e95eff54546022de7a016e60d58
30163164,simple,VG_100K_2/2413281.jpg,92413281,1eed4996771ac261f038223c7ee3215f2d1f86c677059bbe3e42c8c9a7ecf529
30127810,simple,VG_100K/2371230.jpg,92371230,1ef5c9513bf03994b7ac0eb91e658a8b3628ba1212a701d649c84490e2f73c95
30123529,simple,VG_100K_2/2378215.jpg,92378215,1f12c983e51797e2def3f4081d649015e202d487521d3622a3df200cd01a88c7
30108370,simple,VG_100K_2/2401844.jpg,92401844,1f3172c3ff31796e7ad2e8427e635eb176e4c49f50de9c18e7fb0fef6b5ada4c
30142500,simple,VG_100K/2346439.jpg,92346439,1f37e399231bf71f12d90607706acceb5e27d43717e88f31afe2125f3ccc64d0
30145349,simple,VG_100K/2341603.jpg,92341603,1f480419edf2c2297e995f6bff35e073e2154819331953501d03a6adbc8f278b
30148599,simple,VG_100K/2336216.jpg,92336216,1f74f57fe03ca79050b4a37380184fa5a4e9bc2b654e1e16c1a727c200d34d6f
30126150,simple,VG_100K/2374000.jpg,92374000,1f872877d57ae11d5536aa35ce64cb79fe70b9d085a1a1eddae3bb299dd739b0
30156118,simple,VG_100K/2323708.jpg,92323708,1f8b36c7cd0681e1f30da2f24d27d8a4e98e8261fc19dd5074c5978f250f467a
30097848,simple,VG_100K_2/2409313.jpg,92409313,1f9acdb2f3bfc60b295145edad59611de32e46e662f58f7062d36c21a4a08bed
30138965,simple,VG_100K/2352311.jpg,92352311,1fa627cbed0df5ad0c71b459f4ab6923634aff07464c919fd31270a141fa39da
