archive_path	original_local_path	category	lines	sha256
archive/historical_scripts/analyze_attention_pilot.py	scripts/analyze_attention_pilot.py	observational_attention	277	5183885052ad378e1614c0a25cb35673fcf2483dbc347c2dc1b1de5266369b63
archive/historical_scripts/analyze_calibration50.py	scripts/analyze_calibration50.py	sanity_instrumentation	178	f20783db9b16d9b3bbdd2738abdbc3af8730214ada3310578739e9bd43419fe3
archive/historical_scripts/analyze_calibration50_v2.py	scripts/analyze_calibration50_v2.py	sanity_instrumentation	397	678258b48ce5258e81a0d9d6aa2cec3e1c7d412b0d77ce7afd2e665865ec4b55
archive/historical_scripts/analyze_causal_head_batch.py	scripts/analyze_causal_head_batch.py	causal_discovery	175	24132d473e672b45bed10e815fd97a2aa3fd7c5acbf43525cebb9f9b63dc14dc
archive/historical_scripts/analyze_dam_head_profiles.py	scripts/analyze_dam_head_profiles.py	dam_oracle	726	5186df9a2a6214ef387fa91580984206a09283173bd3e46fd9285c5d94a9afff
archive/historical_scripts/analyze_dam_v2_selective_validation.py	scripts/analyze_dam_v2_selective_validation.py	dam_oracle	713	b63e25383761a25173714b70798604c26478f6ba7e0432b7b32f4cc7c030be0c
archive/historical_scripts/analyze_exhaustive_causal_screen.py	scripts/analyze_exhaustive_causal_screen.py	causal_discovery	409	c49121be2488fa3b1241306e9e6b9e6dead88bb88d791be76fd4103af5fb5527
archive/historical_scripts/analyze_matched_attention.py	scripts/analyze_matched_attention.py	observational_attention	268	4070e8a8700fc76dfcd0eff8b6dcbebd73dcfc0456d24ed29a7e6558610e037d
archive/historical_scripts/analyze_matched_attention_by_label.py	scripts/analyze_matched_attention_by_label.py	observational_attention	297	8a43fbcf8651b395feb15bb277c61e454b55f6962a08c708525a5e62aec4b03d
archive/historical_scripts/analyze_oracle_dam_v1_batch.py	scripts/analyze_oracle_dam_v1_batch.py	dam_oracle	639	0d98e6ad6c0c56e0ee04523c78ce411c5cbc9dd6790929f8757421eaca521c79
archive/historical_scripts/analyze_proc_count_causal_validation.py	scripts/analyze_proc_count_causal_validation.py	proc_count_v1	583	f8368d1f078a5ef984d57d383ae15c1b8357a776fdc43f53d38c6f73ff13960c
archive/historical_scripts/analyze_proc_count_causal_validation_eager.py	scripts/analyze_proc_count_causal_validation_eager.py	proc_count_v1	583	d837e3c7f44cbb97d0a8bf65a3d263cb6892d9ea89e92e9e5c9faa0a4b9a90e6
archive/historical_scripts/analyze_proc_count_circuit_gain_generation.py	scripts/analyze_proc_count_circuit_gain_generation.py	cardinality_steering	279	0a9ab14b9de3b4c161f8881abc659d9bbffbe624d05e8479451ba8e4b9c364bb
archive/historical_scripts/analyze_proc_count_circuit_gain_generation_eager.py	scripts/analyze_proc_count_circuit_gain_generation_eager.py	cardinality_steering	279	a47df13e1b6e1c40265084738f9798a450a6d86817928909e771ee03a7aaa0fa
archive/historical_scripts/analyze_proc_count_gain_dose_response.py	scripts/analyze_proc_count_gain_dose_response.py	cardinality_steering	770	5b3159d3092f0ecc59a6ad232098b149849b3f5116fe42bf24cf3adda419848e
archive/historical_scripts/analyze_v2_multistrength_oracle.py	scripts/analyze_v2_multistrength_oracle.py	v2_action_space	935	e7682f182d5392c1c86d1e91c72a21735cd94002165e83bb74ddcf9ef3f43032
archive/historical_scripts/analyze_v2_three_action_oracle.py	scripts/analyze_v2_three_action_oracle.py	v2_action_space	1093	fb45026e208b44bb59828e4f282a0beb6adba193b9800a5e574de6dd1b4992ad
archive/historical_scripts/audit_calibration50.py	scripts/audit_calibration50.py	sanity_instrumentation	83	2645b08fbf39889c1e2d4730a37c8a97a1f4eb7cd64d9956d4e24d787d5034ad
archive/historical_scripts/audit_llama_attention_geometry.py	scripts/audit_llama_attention_geometry.py	sanity_instrumentation	378	685c115a0c9c7721944e994a9df94314286511702f575212fb7d8407df4feef8
archive/historical_scripts/audit_llama_tokens.py	scripts/audit_llama_tokens.py	sanity_instrumentation	102	4b72a96cc8e87bf9f2fb117c33aeba464bebdbb4365c5f65cf7b8cc914d939ad
archive/historical_scripts/audit_proc_count_causal_v1.py	scripts/audit_proc_count_causal_v1.py	proc_count_v1	131	27e84b633a80ca95abb557b9e78a3f8806fee29f472c0b96ade24e0da5637ae0
archive/historical_scripts/audit_v2_expanded_numeral_proxy.py	scripts/audit_v2_expanded_numeral_proxy.py	cardinality_steering	681	918268f30241fd6abb81ae417dfb9d5ff78aefa37b33e08657a06c8c07d01a43
archive/historical_scripts/audit_v2_generation_concordance.py	scripts/audit_v2_generation_concordance.py	cardinality_steering	551	f5a5a483949066b844bd2249a479ef967f420c196d6df93cacb1818b41976185
archive/historical_scripts/build_behavioral_labels.py	scripts/build_behavioral_labels.py	observational_attention	62	4e36c2bd1853fdd7661c1e95ca8c8b46fb7e9b28389e78ecbe0e59930b4b4590
archive/historical_scripts/build_full_response_router_features.py	scripts/build_full_response_router_features.py	controller_development	572	a6cfb902371f96cf950d0c6b2f93c8e55894cb05247ed64928b5aa7c11960ac5
archive/historical_scripts/build_gt_patch_masks.py	scripts/build_gt_patch_masks.py	observational_attention	304	f6b0b00ce7fea9601bf2f03089ade9bf46410ff70b33e4b847595f970a60bcc1
archive/historical_scripts/build_gtfree_response_features.py	scripts/build_gtfree_response_features.py	controller_development	433	47ffc924c1cb9e7bfe647b3fc8903d94a1e01af626f515d61e2852b119fc83fb
archive/historical_scripts/build_matched_attention_pairs.py	scripts/build_matched_attention_pairs.py	observational_attention	148	fbca156dd6f6d0ebb79e9db5d90cd6f3b7c7aa5b88fcd5d6ef711e2e3230433f
archive/historical_scripts/build_proc_count_exact_pairs.py	scripts/build_proc_count_exact_pairs.py	proc_count_v1	217	51d2e2090561e396923c49b8e3dafc980d335b8d762065133085425c0ae628e5
archive/historical_scripts/build_proc_count_exact_pairs_eager.py	scripts/build_proc_count_exact_pairs_eager.py	proc_count_v1	217	de0832ed61c61920a6b0a1abe8aa8f46684b99f55c7f4e930f60fbcbd165fd2e
archive/historical_scripts/causal_head_ablation_smoke.py	scripts/causal_head_ablation_smoke.py	causal_discovery	1047	d653107bdf81fd4a85efdd8f71a44278372ce90c42990e25b048cc1b58623892
archive/historical_scripts/diagnose_distributed_dam_decomposition.py	scripts/diagnose_distributed_dam_decomposition.py	dam_oracle	552	6a6e8e3ece0bd386fed31a3475203f5d8d8a65ee139cbfbd5d15740fee2513f2
archive/historical_scripts/distributed_dam_v2_smoke.py	scripts/distributed_dam_v2_smoke.py	dam_oracle	578	ae0f137f0af77603a77c06f3f115086a7d72fdaa8f65055a99625528de5ed2ac
archive/historical_scripts/distributed_dam_v2_smoke_fixed.py	scripts/distributed_dam_v2_smoke_fixed.py	dam_oracle	1230	b7dda449c62dce9f3696650dc71d6957dfd51f39f1100cc2a102114f5f5f60ed
archive/historical_scripts/extract_gt_attention_metrics.py	scripts/extract_gt_attention_metrics.py	observational_attention	1549	6fd1e960d459385b2fde1b994e703ce0432c7fe47b86d8379b1e98b5d02b69c5
archive/historical_scripts/extract_router_features.py	scripts/extract_router_features.py	controller_development	1027	5e93f6e3dafba9146baca2d54701b916864f35f508e6bfb1ae7482f8594a2eaf
archive/historical_scripts/filter_clean_matched_pairs.py	scripts/filter_clean_matched_pairs.py	observational_attention	74	28f6d155768d36d504e4da7f3b88038fbf0521f6cb92b878ad530c88309c5f9c
archive/historical_scripts/freeze_proc_count_heads.py	scripts/freeze_proc_count_heads.py	causal_discovery	126	0947bec97607643a47b9686cafc3b75f4d13b0e5137e4cade3c0ccdb3ea74841
archive/historical_scripts/generate_calibration50.py	scripts/generate_calibration50.py	sanity_instrumentation	379	798abe471f79e83de70eb784a4ca2080c42a026b0894cdfc8c5fae37af4e8df0
archive/historical_scripts/generate_proc_count_causal_v1.py	scripts/generate_proc_count_causal_v1.py	proc_count_v1	699	a70380357fd0412eaf687f0b4a1af22e473032ff5ed1da8e04e4e9fea9ff9bcb
archive/historical_scripts/make_sanity_image.py	scripts/make_sanity_image.py	sanity_instrumentation	46	0f5ca9a05b87c16323acd75e2f59164217c44cdf0a0a7b780ff8392db2711a77
archive/historical_scripts/map_dam_pairwise_interactions.py	scripts/map_dam_pairwise_interactions.py	dam_oracle	543	5b8ebcdeb9ad500910dc9cf25bb06f6bd119786c3c3a9711ae932733b7a8e0a3
archive/historical_scripts/oracle_dam_v1_smoke.py	scripts/oracle_dam_v1_smoke.py	dam_oracle	1716	ab624eb1766117b09f319fa5d54e411f80b28791bbbaf4f9971fc17ab8020397
archive/historical_scripts/oracle_dam_v2_smoke.py	scripts/oracle_dam_v2_smoke.py	dam_oracle	1739	4c0ccd8463c99dfd47b34fc24b21786cb67cf7a6f69e0a72a39191a41fd1319e
archive/historical_scripts/probe_llama_attention_outputs.py	scripts/probe_llama_attention_outputs.py	sanity_instrumentation	151	3453480e41d5650ccce0e3ee02a527a8eef21686bfd5bc754ab02cec13f9457d
archive/historical_scripts/probe_llama_modules.py	scripts/probe_llama_modules.py	sanity_instrumentation	40	64109bf2d3de587a1d8ca5d87cf3389a23f12fab686ba17f093c3bfd2598b94d
archive/historical_scripts/probe_mllama_cross_attention_source.py	scripts/probe_mllama_cross_attention_source.py	sanity_instrumentation	89	d69c945c9b94bf732e42ca395ba628a59be858e9eba3dccfd8d236af77571eed
archive/historical_scripts/probe_mllama_preprocessing_geometry.py	scripts/probe_mllama_preprocessing_geometry.py	sanity_instrumentation	212	908c6822969535f4125a97daba10f3cd72e215366bd48775789fe4cbf38c5dd1
archive/historical_scripts/profile_dam_head_responses.py	scripts/profile_dam_head_responses.py	dam_oracle	548	53af625d50514d0f222dca15893e3f9f2dedb1f042e48681f2a307f17334c639
archive/historical_scripts/run_adaptive_dam_beta_sweep.py	scripts/run_adaptive_dam_beta_sweep.py	dam_oracle	737	c1552058424f0bf7fa7e60bf203b2622d8860d48ac9ab6e64ce1005383a81aec
archive/historical_scripts/run_adaptive_dam_closed_loop.py	scripts/run_adaptive_dam_closed_loop.py	dam_oracle	854	041f6b89d07abb6cd91cc4f3f521b99020bd3c56dd42dbac9324a4a97023a013
archive/historical_scripts/run_adaptive_head_selector.py	scripts/run_adaptive_head_selector.py	controller_development	1425	9630c07ffcb686216db96e70ac014e35d8f039da9291567d046038e45443537d
archive/historical_scripts/run_attention_pilot.py	scripts/run_attention_pilot.py	observational_attention	578	f701ca86de84fee02ce8995948103679591fafd2336b696e2e4444a00fa38d28
archive/historical_scripts/run_calibration50.py	scripts/run_calibration50.py	sanity_instrumentation	633	700d0748806162a48bdc0af292eafaa9053f0fc8abcd9d7ec758ab6373f31832
archive/historical_scripts/run_causal_head_batch.py	scripts/run_causal_head_batch.py	causal_discovery	481	ff12b31f0f1cdc1e9a126af131c55bc154fd87b2fd0f27ab9d3635754305e464
archive/historical_scripts/run_compatible_subset_closed_loop.py	scripts/run_compatible_subset_closed_loop.py	dam_oracle	915	faf6f7cb7faf3716eac3bcf42f5b494f2a72d6eecf145de4c54302d4ef9086d5
archive/historical_scripts/run_dam_v2_selective_validation.py	scripts/run_dam_v2_selective_validation.py	dam_oracle	555	788017c58a5269151477b8592ef2f7eaf958a6b9b978e5696f37db243a3e0775
archive/historical_scripts/run_exhaustive_causal_screen.py	scripts/run_exhaustive_causal_screen.py	causal_discovery	643	e8d4dd77e3008d5eefb9fd7f6bee318a955417dfd970e0a40f118818f4fe1f73
archive/historical_scripts/run_full_probability_response_probe.py	scripts/run_full_probability_response_probe.py	controller_development	1589	40a83110440b5970cfa74b201c29c1e48fe69ecd6cb638a0e2884a685797905b
archive/historical_scripts/run_full_probability_response_probe_smoke_backup.py	scripts/run_full_probability_response_probe_smoke_backup.py	controller_development	1452	7ddc24528cf767bea18b2fd6b0d909570383742076a312788cd7033e2e4f48c9
archive/historical_scripts/run_full_response_router_benchmark.py	scripts/run_full_response_router_benchmark.py	controller_development	898	f9b64c1436be5b2e8ae218caf64fb2874b8a666d56b6436fd05dd0de47e29d86
archive/historical_scripts/run_gtfree_response_router_benchmark.py	scripts/run_gtfree_response_router_benchmark.py	controller_development	829	f7650a2a2590ad7519c908dce989894f4846ef9bc2ffe120bef8592f5b5ecfd7
archive/historical_scripts/run_learned_gain_gate.py	scripts/run_learned_gain_gate.py	controller_development	1092	41510d821ae17dd09c6722dccf83211ff39d6aeaa7764cebb0749d303373e49f
archive/historical_scripts/run_matched_attention.py	scripts/run_matched_attention.py	observational_attention	704	f3b92c34c8b6bd687d44a20e534ddb25bfe975c6b51056f1fc4d0d297e9cff7a
archive/historical_scripts/run_oracle_dam_v1_batch.py	scripts/run_oracle_dam_v1_batch.py	dam_oracle	688	af3871d5c3789725a20e0e168336e9ba729c3797837b9672832c7bc590a25a24
archive/historical_scripts/run_proc_count_baseline.py	scripts/run_proc_count_baseline.py	proc_count_v1	348	7caa12dbb618be5e40319750e8334429a556024440d61c8ea1397405dfefa422
archive/historical_scripts/run_proc_count_baseline_eager.py	scripts/run_proc_count_baseline_eager.py	proc_count_v1	349	7efd3ae53e0089963dd3f5dc8dacb7dcedcad93e8e6411759ff92a0013adb383
archive/historical_scripts/run_proc_count_causal_validation.py	scripts/run_proc_count_causal_validation.py	proc_count_v1	659	ad2f64f514f13036e9068f8c5ee310a7c52064fb375fe358ba258b513a972737
archive/historical_scripts/run_proc_count_causal_validation_eager.py	scripts/run_proc_count_causal_validation_eager.py	proc_count_v1	659	e217067000c2fc8cbc2c7bfc7ad07ef350ad4e6c1604426f594bcca5ef0b0d90
archive/historical_scripts/run_proc_count_circuit_gain_generation.py	scripts/run_proc_count_circuit_gain_generation.py	cardinality_steering	809	173f97b8592cf65e61741494c2006c307c9ea7ab1f72d2fb0ffb3a8a25b85bc3
archive/historical_scripts/run_proc_count_circuit_gain_generation_eager.py	scripts/run_proc_count_circuit_gain_generation_eager.py	cardinality_steering	809	2f0e7837f2b962b7508c3613cc0134cf8969d784ea66e22ca0ed9c6adaf26442
archive/historical_scripts/run_proc_count_gain_dose_response.py	scripts/run_proc_count_gain_dose_response.py	cardinality_steering	942	c3604572e623a6c8a09dd0869367bfe382c971c934a21b31ef5875db0629b848
archive/historical_scripts/run_router_grouped_benchmark.py	scripts/run_router_grouped_benchmark.py	controller_development	773	8f3c7db8cfaae5e1949180442217c761121b08ae652513e122933cb8060917ee
archive/historical_scripts/run_true_oracle_head_beta_screen.py	scripts/run_true_oracle_head_beta_screen.py	dam_oracle	1027	3b206ca94d199f8b80af5c5e2a38e33542454af118a2c61af30b3fb4053d6a86
archive/historical_scripts/run_true_oracle_query_scope_screen.py	scripts/run_true_oracle_query_scope_screen.py	dam_oracle	1051	878f50683ea1983e0978ef55a1c86f18e215bd39eb5237c211eafbf729df549c
archive/historical_scripts/run_v2_compressed_actions_correct.py	scripts/run_v2_compressed_actions_correct.py	v2_action_space	669	c6387440881c6946a85992f80aa707da1824c9157d6bd24e4e962a81ddef9ddc
archive/historical_scripts/run_v2_expanded_downward_confirmation.py	scripts/run_v2_expanded_downward_confirmation.py	cardinality_steering	1005	fb590747b18aa3fb33ecd13e5dd293d550d3ae5b3c7387ec1218afc8588e6e4e
archive/historical_scripts/run_v2_multistrength_wrong_sweep.py	scripts/run_v2_multistrength_wrong_sweep.py	v2_action_space	667	73a7b0784ddfc9ced1a14056f91cba698a4336d6afd1743a81e58ded74106757
archive/historical_scripts/search_dam_compatible_subsets.py	scripts/search_dam_compatible_subsets.py	dam_oracle	669	7592bd694cc1928a567303584f0e882526a65c38170739dc5e7c0111761cf502
archive/historical_scripts/summarize_calibration50.py	scripts/summarize_calibration50.py	sanity_instrumentation	347	698751e4f069a7e1142ca89c566324ab2415a4b4f7f3125034aa75dec812ae90
archive/historical_scripts/test_llama_count.py	scripts/test_llama_count.py	sanity_instrumentation	73	7ae69c0c7f5d994aed0b404037d13e4d4158e201e84156f39bccfd0fdbb0324e
archive/historical_scripts/test_llama_enumeration.py	scripts/test_llama_enumeration.py	sanity_instrumentation	170	53bf655c685e9a12323b36c20e8ff8fa913541cb84d6141c6a4933d7aac54a0f
archive/historical_scripts/test_llama_ledger.py	scripts/test_llama_ledger.py	sanity_instrumentation	183	56ab3d86b5ee69f986d52b61198ece1aef7ccd2519f25ade49a1a3f3182a7eeb
archive/historical_scripts/test_llama_load.py	scripts/test_llama_load.py	sanity_instrumentation	27	242bc3895fd9972cc9b1179e130151f71e9a499e6832fefe07d92ce9e7f7093e
archive/historical_scripts/test_prompt_calibration.py	scripts/test_prompt_calibration.py	sanity_instrumentation	283	f5024a1848ac680aca3b0031f86bc7546e904364efa7ea9298d24f6d0071f8d8
archive/historical_scripts/validate_v2_boundary_generation.py	scripts/validate_v2_boundary_generation.py	cardinality_steering	188	05072312b7f6ffa18620745a455b392208dbc5fe9b73121ee989979a010d8164
